0x912A,0x9166,0x9D,0xB6
0x827F,0x8233,0x8A,0x80
0x800B,0x8113,0x7E,0x89
0x80EA,0x800E,0x6B,0x99
0x806B,0x8042,0x8F,0x8E
0x80C2,0x7FD3,0x80,0x7A
0x7FFB,0x80BE,0x72,0x5E
0x7F87,0x80A8,0x77,0x85
0x8001,0x8034,0x8B,0x6F
0x805F,0x7F43,0x7B,0xBB
0x7FFE,0x7F81,0x83,0x88
0x8032,0x8012,0x8F,0x90
0x7F55,0x8000,0x85,0x73
0x7FF6,0x7F0D,0x69,0x7B
0x7F48,0x7F29,0x7A,0x83
0x7FE9,0x7FEA,0x62,0xA1
0x8037,0x802D,0x72,0x8C
0x7FC8,0x8039,0x87,0x93
0x7F6D,0x7F73,0x70,0x80
0x7FAF,0x8057,0x69,0x95
0x7F9A,0x808D,0xA3,0x68
0x803B,0x7FAD,0x5C,0xA0
0x800C,0x8013,0x89,0x95
0x7FAD,0x8036,0x82,0x50
0x8001,0x804E,0x9E,0x9A
0x8075,0x8013,0x95,0xA1
0x8059,0x8098,0x75,0x87
0x8014,0x8017,0x73,0x9C
0x7F8C,0x8001,0x72,0x7B
0x7FAF,0x8001,0x91,0x8D
0x7FE1,0x7FD9,0x8D,0x75
0x8109,0x7F38,0x66,0x8D
0x7FC8,0x8047,0x6F,0x8E
0x8024,0x7FA2,0x80,0x82
0x7F01,0x800B,0x7F,0x8C
0x7F8F,0x7FD5,0x8F,0x7C
0x7F82,0x7FD7,0x7F,0x86
0x7FC6,0x7FDB,0x83,0x89
0x7F88,0x7FE2,0x85,0x5B
0x8063,0x8004,0x81,0x81
0x8056,0x806B,0x6B,0x93
0x808D,0x808A,0x74,0x6A
0x7FBA,0x7FC6,0xAE,0x64
0x801D,0x8013,0x81,0x8E
0x8056,0x803E,0x6E,0x79
0x8053,0x8061,0x7F,0x7F
0x80A9,0x8017,0xAD,0x73
0x7FB8,0x80BF,0x94,0x81
0x8020,0x7FFC,0x67,0x7C
0x803C,0x7F24,0x96,0x84
0x8054,0x7FE3,0xB1,0x8C
0x802C,0x7FEB,0x6C,0xB4
0x7FB8,0x8030,0x76,0x9A
0x7FD5,0x802E,0x74,0x84
0x7FAE,0x804B,0x75,0x94
0x804A,0x7FB0,0x7E,0x89
0x7F98,0x7FC6,0x85,0x7E
0x7FE2,0x7FA4,0x9F,0xA0
0x7FE7,0x7F95,0x95,0x8B
0x7FA6,0x8032,0x92,0x78
0x7FB3,0x8055,0x88,0x64
0x802C,0x804D,0x77,0x7E
0x7FF0,0x7FB6,0x71,0x80
0x8005,0x8012,0xB9,0x7F
0x805B,0x8002,0x79,0x9F
0x7F52,0x7FF5,0xA2,0xB4
0x7FCF,0x7FA3,0x82,0x91
0x7FD7,0x8030,0x6B,0x8D
0x802E,0x7F8E,0x89,0x93
0x8025,0x8018,0x8E,0x98
0x8058,0x7FF7,0xA3,0x88
0x8019,0x80A2,0x7B,0x63
0x80B0,0x7FE8,0x76,0x94
0x8041,0x802B,0x7A,0x7F
0x7FF3,0x7FE6,0xAB,0x90
0x7FDB,0x7FBA,0x85,0x99
0x7F73,0x7FFE,0x65,0xA1
0x8049,0x7FBA,0x7D,0x7E
0x7F9B,0x8088,0x92,0x7E
0x7FBA,0x8011,0x83,0x90
0x8029,0x8057,0x71,0x9E
0x7FFD,0x7FDB,0x87,0x96
0x7FAC,0x8028,0x84,0x74
0x8040,0x8010,0x76,0xA7
0x805B,0x7FF6,0x63,0x74
0x7FF1,0x7FD3,0x87,0x95
0x8012,0x7F98,0x7D,0xA6
0x8011,0x7F91,0x9A,0x76
0x7FD9,0x7F6D,0x98,0x7E
0x8076,0x804F,0x7E,0x8A
0x7FAE,0x8013,0x8A,0x7B
0x8003,0x80CD,0x7F,0x5B
0x7FDF,0x8061,0x94,0x6F
0x8030,0x8078,0xA0,0x8F
0x802E,0x800D,0x7C,0xB0
0x7F77,0x7FC9,0xA2,0x70
0x805A,0x804C,0x76,0x95
0x8034,0x802E,0x86,0x8C
0x7F9F,0x7FDA,0x88,0x84
0x7F92,0x808F,0xA6,0x88
0x8098,0x8056,0x75,0x81
0x7FA0,0x7F70,0x93,0x8B
0x8013,0x7FD9,0x85,0x97
0x7FC4,0x7FBA,0x6A,0x91
0x7FAE,0x7F5E,0x85,0x89
0x8057,0x803D,0x78,0x77
0x8053,0x8019,0x75,0xA5
0x8005,0x7FAA,0x83,0x65
0x803A,0x8000,0x74,0x85
0x809D,0x7FB4,0x7B,0xA8
0x804D,0x7FDC,0x7B,0x7E
0x7FDB,0x7F2A,0x6B,0xA1
0x7FC6,0x7FE9,0x64,0x84
0x803B,0x7FF9,0x8B,0x8D
0x7F9F,0x7F59,0x97,0x94
0x7EDA,0x7FEA,0x72,0x7E
0x804A,0x802B,0xA6,0x6A
0x8008,0x8003,0x91,0xBA
0x806F,0x8043,0x7A,0x8B
0x7F83,0x8082,0x7A,0x7E
0x8052,0x7F7C,0x7B,0xB0
0x7FB9,0x800D,0x96,0x85
0x805A,0x801B,0x9B,0x97
0x803A,0x8019,0x7C,0x82
0x8028,0x7FEB,0x7A,0x8F
0x80A1,0x7FDC,0x7C,0x7F
0x7FD6,0x7FE3,0x86,0x7E
0x7F88,0x7FCF,0x5A,0x6D
0x800D,0x8032,0x6A,0x72
0x8033,0x80AB,0xB1,0x70
0x7FCD,0x7FF7,0x87,0x74
0x7FCE,0x7FDA,0x80,0x70
0x7FE2,0x8043,0x98,0x7F
0x8011,0x807C,0x7D,0x72
0x7FC2,0x7FDC,0x8F,0x9C
0x8039,0x8031,0x98,0x77
0x8087,0x7FB0,0x88,0x75
0x807B,0x8039,0x7F,0x91
0x8044,0x801E,0x58,0x84
0x8096,0x8093,0x7D,0x72
0x802E,0x7FF4,0x86,0x7B
0x800D,0x7FEA,0x88,0x86
0x801E,0x7FA9,0x76,0x85
0x7FA9,0x8011,0xC5,0x8B
0x8023,0x7F99,0x8F,0x77
0x7FE8,0x7F95,0x9B,0x97
0x8024,0x803A,0x8C,0xA2
0x805B,0x7F48,0x75,0x7E
0x7EFA,0x8031,0x90,0x8C
0x8003,0x8020,0x82,0x65
0x7F88,0x7F42,0x77,0x98
0x7F83,0x7FF4,0x83,0xAC
0x801C,0x8001,0x72,0x81
0x7FC3,0x7FD9,0x7A,0xBA
0x7F39,0x8019,0x88,0x77
0x7FF0,0x80C1,0x7A,0x71
0x7F92,0x808C,0x92,0x7C
0x8004,0x7FB5,0x9E,0x90
0x80E7,0x8025,0x9E,0x6E
0x7FF3,0x7FE2,0x88,0x6E
0x7FF8,0x7FDB,0x72,0x84
0x8013,0x7F85,0x9E,0x7D
0x801D,0x7FA9,0x79,0x80
0x7FA4,0x7F6F,0x8C,0x83
0x800E,0x7FFC,0x69,0x7E
0x8069,0x7FF6,0x85,0x97
0x80B6,0x7FC1,0x81,0x92
0x7FEA,0x7FAE,0x6F,0x8D
0x805A,0x802A,0x9C,0xAC
0x806E,0x801C,0x76,0x70
0x7FDC,0x800C,0x9E,0x72
0x807E,0x8006,0x6A,0x80
0x7FAA,0x7FAA,0x70,0x60
0x7FDA,0x7FDC,0x92,0x81
0x7F95,0x8063,0x7B,0x81
0x7FFC,0x805F,0x71,0x76
0x8088,0x8017,0x92,0x86
0x7FF4,0x8024,0x80,0x61
0x7FE5,0x804D,0x7A,0x87
0x8005,0x7FDE,0x7A,0x77
0x8041,0x7FBC,0x7E,0x75
0x7FC8,0x7FB7,0x94,0x81
0x7FBE,0x7FF3,0xAE,0x73
0x7F9C,0x7FAA,0x73,0x8A
0x7FFB,0x7FAB,0x6F,0x97
0x8074,0x7F7D,0x75,0x69
0x805F,0x7FE4,0x8C,0x9F
0x7F83,0x807E,0x71,0x65
0x8007,0x807B,0x88,0x84
0x802B,0x7FB5,0x96,0x72
0x8013,0x7F5E,0xB0,0x6B
0x7FCC,0x7FF4,0x6B,0x64
0x7FAE,0x7FF4,0x78,0x83
0x7FAF,0x7FE3,0x7A,0x61
0x7F9E,0x8020,0x7A,0x98
0x7FC4,0x801C,0x8B,0x8E
0x8075,0x7FB5,0x8C,0x7E
0x804D,0x7FD0,0xA6,0x9B
0x8013,0x801E,0x90,0x82
0x7FBA,0x80C0,0xAC,0x81
0x7FF0,0x7FF6,0x5C,0x9A
0x8018,0x8096,0x90,0x94
0x8024,0x7FCA,0x9F,0x85
0x7FE9,0x7FDA,0x88,0x9A
0x8014,0x7FAF,0x6E,0x96
0x801E,0x8036,0x7E,0x63
0x7FA5,0x8001,0x90,0x8F
0x8017,0x8043,0x6D,0x63
0x8065,0x7FCA,0x93,0x90
0x7FBC,0x7FF7,0x7C,0x94
0x7FBE,0x7FBD,0x75,0x9C
0x7FBD,0x8034,0x9D,0xA5
0x8042,0x7F8F,0xA8,0x8C
0x7FC3,0x7FF2,0x84,0x66
0x80CB,0x7FF1,0x6D,0xAD
0x7FCA,0x7F86,0x60,0x97
0x7FD7,0x7F7C,0x92,0x87
0x7FAF,0x7FFE,0xAB,0x6A
0x8049,0x7FF9,0x5F,0x77
0x8054,0x8064,0x65,0x9F
0x7FEF,0x7FF6,0x62,0x66
0x8022,0x7F24,0x75,0x8E
0x803D,0x8017,0x7F,0x98
0x7FCD,0x7FD4,0x9D,0x8F
0x8061,0x8075,0x9E,0x76
0x7F7C,0x7FED,0x88,0x54
0x7FF3,0x7FEF,0x86,0x91
0x7FF6,0x7FFD,0x9C,0x85
0x7F56,0x8031,0x99,0x75
0x7F79,0x7FD0,0x92,0x68
0x7F8C,0x7FB3,0x9B,0x61
0x8041,0x7FCF,0x66,0x6C
0x8061,0x7F94,0x8E,0x93
0x8022,0x7FDE,0x87,0x8C
0x801D,0x7FDC,0x9A,0xA6
0x8073,0x801E,0xA3,0x84
0x80AB,0x7FB8,0x5B,0x67
0x7FC9,0x7FF4,0x7F,0xA4
0x8018,0x7F75,0x84,0x67
0x8011,0x7FCC,0x79,0xAB
0x806F,0x7F96,0xB3,0x96
0x7FEB,0x7F86,0x9A,0x92
0x806A,0x7F84,0x78,0x8E
0x7FF0,0x7FB9,0x94,0x92
0x7FC3,0x800F,0x6B,0x79
0x7F82,0x7FDA,0x79,0x61
0x7FC6,0x7F56,0x6E,0x77
0x7FD7,0x8039,0x5C,0x67
0x7FB0,0x7F7A,0x88,0x87
0x7F70,0x805E,0x91,0x77
0x7FDC,0x8052,0x9F,0xA3
0x8032,0x8072,0x65,0x68
0x8064,0x7FEB,0x62,0x9A
0x80AF,0x7FB6,0x81,0x73
0x8090,0x8030,0x73,0x7B
0x7FF0,0x7FAD,0x7F,0x6F
0x8000,0x8046,0x8D,0x84
0x800C,0x7FB5,0x92,0x9F
0x805E,0x7FCD,0x9C,0x75
0x7FF9,0x8028,0xB0,0x93
0x8088,0x7FE9,0x7A,0x8B
0x7FCD,0x7F5F,0x93,0x87
0x7FF2,0x8042,0x81,0x6B
0x7FF9,0x8021,0x75,0x98
0x7FC4,0x806F,0x89,0x81
0x802C,0x7F9C,0x72,0x83
0x7FF0,0x7FDA,0x88,0x83
0x8034,0x801C,0x9C,0x82
0x7FA2,0x8030,0x7B,0x9E
0x7FAF,0x7FA4,0x7D,0x89
0x7FF3,0x7F4C,0x8F,0x81
0x7FB4,0x7FC4,0x7D,0x89
0x803E,0x8037,0x77,0x6B
0x8103,0x7FBB,0x6E,0x7D
0x7F99,0x7F93,0x7A,0x84
0x7F71,0x801B,0x8C,0x97
0x7FF3,0x8024,0x86,0x75
0x80D4,0x800D,0x9B,0x6A
0x8014,0x7FDA,0x7C,0x88
0x7FF2,0x8039,0x85,0x74
0x8027,0x7FF5,0x72,0x95
0x7FC8,0x8081,0x71,0x9D
0x7FFE,0x8040,0x7F,0x8B
0x7FB8,0x8067,0x71,0x6E
0x7FBF,0x8099,0x5F,0x65
0x8078,0x7F92,0x87,0x97
0x7FF1,0x7FF7,0xA7,0x9F
0x8030,0x7FBB,0x5F,0x98
0x7FAD,0x8052,0x93,0x77
0x7FF7,0x8023,0x9B,0x88
0x8003,0x7F8F,0x8F,0x77
0x808E,0x7F42,0x73,0x95
0x7FEC,0x803A,0x79,0x74
0x8050,0x8011,0x77,0x86
0x8083,0x7FCE,0x58,0x9E
0x7FD3,0x7FDD,0x8A,0x8B
0x8054,0x8023,0x7E,0x95
0x8023,0x8016,0x83,0x82
0x8058,0x7FE0,0x9B,0x9B
0x7FC3,0x8010,0x84,0x68
0x8059,0x7FA6,0x86,0x55
0x7F79,0x7FF5,0x80,0x71
0x7F70,0x7F84,0x71,0x74
0x800C,0x7F7E,0x94,0x59
0x7FB2,0x7FC2,0x9D,0xA9
0x7FCF,0x7FD6,0x88,0x64
0x8056,0x8019,0xB4,0x7C
0x803C,0x804A,0x91,0x66
0x7FF0,0x8035,0x80,0xA0
0x800A,0x7F63,0x65,0x7C
0x7FB4,0x7FF0,0x8C,0x65
0x7FCA,0x804F,0x78,0x84
0x801C,0x7FC5,0x80,0x79
0x7F9C,0x7F6C,0x9F,0x74
0x805C,0x7FBB,0x7E,0x87
0x809A,0x7F75,0x8E,0x8D
0x805B,0x7FCA,0x72,0x69
0x805B,0x802E,0x7E,0x65
0x804D,0x7F7C,0x6E,0x96
0x7FE0,0x8080,0x7F,0x65
0x7FA5,0x7F94,0x9D,0x8E
0x7FCB,0x8013,0x90,0x78
0x7FBF,0x7F9A,0x97,0x9E
0x8004,0x8020,0xA5,0xA0
0x806D,0x7FE7,0x75,0x79
0x7FE0,0x7FC3,0x8F,0xAC
0x7FE1,0x7F8E,0x68,0x79
0x8078,0x7F95,0x7C,0x79
0x80A3,0x803A,0x9B,0x7D
0x80DD,0x7FE2,0x71,0x97
0x7FA9,0x807C,0x9D,0x98
0x8053,0x803F,0x80,0x9F
0x7FE6,0x7FBD,0x78,0x76
0x7FB4,0x8017,0x86,0x9C
0x7FEA,0x7FB1,0x8F,0x89
0x7F9F,0x8024,0xA1,0x92
0x7FA1,0x8039,0x6D,0x71
0x8001,0x8010,0x69,0x93
0x7FAF,0x8025,0x7C,0x85
0x8043,0x8034,0x93,0x82
0x7FA6,0x7FC3,0x7A,0x85
0x7FBD,0x8014,0x82,0x87
0x7FAE,0x7FD5,0x8F,0x8F
0x802E,0x801D,0x91,0x95
0x8005,0x7FAC,0x84,0x92
0x806E,0x7F6A,0x64,0x94
0x7F9E,0x7F7F,0x72,0x96
0x7FB4,0x7F9E,0x64,0x9D
0x7FE8,0x7FC7,0x87,0x89
0x8003,0x7F4D,0x93,0x7C
0x805A,0x7F92,0x73,0x59
0x7FE4,0x7FDD,0x6E,0x66
0x80B3,0x8053,0x75,0x7C
0x7FB0,0x8071,0xA4,0x68
0x7FD6,0x8027,0x79,0x73
0x8074,0x8036,0x92,0x8D
0x7F35,0x8009,0x85,0x92
0x7FD2,0x8082,0x91,0x6E
0x806F,0x801A,0x78,0x93
0x7FD8,0x7FA9,0x87,0x7B
0x7F2E,0x8010,0xB3,0x81
0x8043,0x8015,0x84,0x75
0x7FF9,0x7F72,0x7B,0x6B
0x7F7F,0x802F,0x8A,0x7D
0x7FF4,0x8014,0x9F,0x87
0x800F,0x7FC9,0x70,0x84
0x801A,0x802C,0x8E,0xB2
0x7FFB,0x7FD9,0x71,0x85
0x8004,0x802B,0x86,0x7E
0x8012,0x7F5A,0x81,0x83
0x7F61,0x7F61,0x89,0x7D
0x802E,0x7F8F,0x85,0x81
0x8000,0x8088,0x6D,0x8C
0x8079,0x7FA8,0x7F,0xA1
0x7FD8,0x7FBC,0x84,0x7C
0x8069,0x7FA4,0x7A,0x8A
0x8005,0x8036,0x77,0x83
0x8031,0x7FC0,0x71,0x9A
0x7FDE,0x809C,0x94,0xAA
0x7EE8,0x8051,0xAE,0x73
0x7FF2,0x7FCF,0x79,0xA5
0x8067,0x7FEE,0x56,0x6B
0x8090,0x8039,0x6D,0x7F
0x8043,0x8052,0x60,0x9C
0x804A,0x7FE3,0x8C,0x8C
0x800C,0x7F4E,0x80,0x95
0x7FA7,0x7FAE,0x83,0xA6
0x8059,0x7FFB,0x95,0x90
0x7FD2,0x7FBF,0x81,0x7D
0x7FBD,0x8056,0x78,0x9D
0x8044,0x7F9A,0x84,0xA4
0x7FEC,0x7F92,0x7F,0x6D
0x7F1B,0x8007,0x8E,0x85
0x7FA4,0x7F1C,0x6F,0xB2
0x8005,0x802F,0x96,0x90
0x800C,0x7FCE,0x7C,0x72
0x8046,0x8045,0x7C,0x83
0x7FB7,0x8068,0x60,0x7C
0x802A,0x7FFC,0x8F,0x9D
0x7F65,0x7FBC,0x79,0x9C
0x804E,0x7FC4,0x81,0x9B
0x8051,0x8075,0xA1,0x94
0x7FA2,0x7FB9,0x88,0x93
0x8047,0x7FC7,0x8E,0x70
0x8034,0x7FA3,0x66,0x7B
0x7FDD,0x7FE1,0x86,0xA3
0x7FDF,0x7F58,0x96,0xA0
0x7F98,0x7FB4,0x9E,0x90
0x8075,0x7F7A,0x74,0x95
0x8039,0x8008,0x69,0x83
0x7F71,0x7FF1,0x94,0x93
0x807B,0x7F79,0x71,0x84
0x7FC9,0x7EEE,0x92,0xA3
0x7FC1,0x804B,0x66,0x6B
0x7FF2,0x800D,0x75,0x9D
0x7FDA,0x802F,0x9F,0x83
0x7F9C,0x804C,0x9A,0xA7
0x808E,0x7FFC,0x6B,0x89
0x805C,0x7FDC,0x80,0x9A
0x80AA,0x7FBB,0x83,0x80
0x7F94,0x8076,0x82,0x6E
0x7FC1,0x7FA7,0xA5,0x82
0x7FCC,0x7FC9,0x83,0x6A
0x7F90,0x7F7C,0x8A,0x96
0x80CE,0x7FA0,0x7B,0x53
0x7F64,0x7F20,0x8B,0xB3
0x80CB,0x7F01,0x74,0x9E
0x7FB4,0x7FDA,0x96,0x7E
0x7F5D,0x7FCC,0x8F,0x81
0x7FF3,0x7FE3,0x67,0x5A
0x7F85,0x801E,0x7F,0x7B
0x7F60,0x7EF3,0x96,0x90
0x8039,0x7F89,0x9C,0x8D
0x8061,0x7FC2,0x82,0x60
0x7FD4,0x8006,0x6F,0x5F
0x802F,0x803A,0x7E,0x93
0x8082,0x7F81,0x7C,0x78
0x8025,0x8048,0x80,0x77
0x8058,0x7F71,0x80,0xBA
0x8055,0x7FFF,0x86,0x76
0x7F93,0x8044,0xA7,0x87
0x8036,0x7F82,0x88,0x73
0x803C,0x7FDE,0x9C,0x9B
0x8071,0x8004,0xAC,0x92
0x7FA7,0x7FA6,0x8D,0x6F
0x8035,0x804D,0x9E,0x7D
0x7F75,0x7FEE,0x7E,0x72
0x7FA5,0x7F91,0x8F,0x6D
0x8024,0x7FD6,0x92,0x7D
0x7FE8,0x7F44,0x77,0x9C
0x805E,0x8059,0x5E,0x9A
0x7F6C,0x8040,0x74,0x95
0x80B0,0x7FF3,0x76,0x9D
0x7FD4,0x7FF5,0x87,0x86
0x8038,0x8047,0x6D,0x9B
0x7FF6,0x7F94,0x96,0x9F
0x8051,0x8052,0x70,0xA7
0x80A5,0x804C,0x75,0x88
0x7F9B,0x8024,0x8E,0x84
0x8022,0x80D8,0x8D,0x94
0x7F6F,0x8028,0x8E,0xA2
0x7FF1,0x8065,0xA6,0x81
0x8013,0x7FD0,0x76,0x5E
0x7FA9,0x7FC5,0x6B,0x98
0x7FDF,0x7FCD,0x65,0x68
0x8055,0x7FE7,0xA4,0x79
0x7F74,0x7F57,0x99,0x69
0x8029,0x7F96,0x77,0x8F
0x7FEC,0x7FE9,0x7B,0x9D
0x7F7E,0x800F,0x7B,0x85
0x8027,0x7F83,0x70,0xAE
0x7F18,0x8019,0xBD,0x85
0x7FCD,0x801C,0x7D,0x86
0x8003,0x800E,0x85,0x93
0x7FF0,0x7F90,0x78,0x7A
0x8045,0x8056,0x4E,0x7F
0x808A,0x804B,0x82,0x7E
0x804C,0x7F96,0x9B,0xA9
0x8004,0x8080,0x72,0x71
0x80BD,0x8033,0x9B,0x88
0x8045,0x8018,0x6F,0x74
0x7F89,0x7FA6,0xAA,0x95
0x8035,0x8019,0x6B,0x7E
0x8006,0x7FF9,0x69,0x97
0x7FB8,0x8051,0x9F,0x8A
0x8039,0x7F78,0x87,0x87
0x7FC3,0x7ED3,0x8F,0x9C
0x7F86,0x7FB4,0x73,0x7A
0x7FD6,0x7F9F,0x84,0x84
0x800D,0x7F8D,0x83,0x9A
0x80CB,0x8010,0x64,0x6D
0x803A,0x802C,0x76,0x82
0x8026,0x7FCF,0x8C,0x90
0x7FF1,0x8057,0x8C,0x7C
0x7FF3,0x7FD6,0x6C,0x5E
0x7F99,0x7F0D,0x89,0x72
0x7FFD,0x7FD5,0xB6,0x73
0x806E,0x8093,0x63,0x5F
0x7F6A,0x7F72,0x91,0x99
0x7F2D,0x7F91,0x65,0x70
0x8074,0x8025,0x88,0x6D
0x8090,0x7F9C,0x8E,0xA4
0x8033,0x7F9A,0x5E,0x95
0x7FF1,0x80A6,0x8F,0x82
0x8020,0x8021,0x6D,0xA4
0x8045,0x8011,0x5F,0x81
0x7FCA,0x7F91,0x7C,0x97
0x8021,0x7F85,0x63,0x6E
0x7FD4,0x8024,0xA2,0x7A
0x803F,0x801F,0x7F,0xA6
0x8011,0x7F9E,0x8D,0x8F
0x7FC9,0x7F63,0x96,0x7B
0x8064,0x7F91,0x8C,0x8E
0x803F,0x7FBE,0x85,0x9D
0x8047,0x8064,0x88,0x72
0x7FDC,0x7F7A,0x80,0x94
0x8016,0x7F2E,0x7E,0x9B
0x7F96,0x8050,0x99,0x92
0x8028,0x800D,0x7D,0x65
0x8019,0x7FFC,0x8A,0x6E
0x7FF7,0x8010,0x8C,0x95
0x8085,0x7FDD,0x7D,0x5F
0x7FAE,0x800E,0xAC,0x7A
0x8000,0x804C,0x70,0x67
0x802A,0x7F98,0x58,0x93
0x7FE5,0x7FEC,0x7F,0x71
0x80AC,0x7F6F,0x8E,0xB8
0x8026,0x8080,0x82,0x77
0x802C,0x8040,0x5D,0x8A
0x7FAB,0x8054,0x82,0x9F
0x8060,0x7FF5,0x99,0x5D
0x7FDA,0x7FD7,0x86,0x82
0x7FB1,0x7F97,0x8B,0x71
0x7FFA,0x80A1,0x72,0x60
0x7FC9,0x7F33,0x68,0x88
0x8027,0x7F89,0x8F,0x81
0x7FFA,0x7FE4,0x75,0x89
0x7FFF,0x7FA5,0x9B,0x81
0x7FDF,0x7F6C,0x9F,0x79
0x7FED,0x7F8A,0x5A,0x8F
0x7FE5,0x800A,0x95,0x6D
0x8021,0x7F81,0x56,0x97
0x7F52,0x7FC2,0xC1,0x90
0x7F3E,0x7FE7,0x81,0x86
0x8073,0x80D2,0x8C,0x8E
0x807E,0x8065,0x74,0x7A
0x7FEB,0x7F88,0x85,0x6B
0x7FD4,0x8013,0x89,0x67
0x7FEB,0x7F79,0x6A,0x8A
0x7FDF,0x7FC2,0x7E,0x61
0x8077,0x7F97,0x8F,0x86
0x7FDF,0x805F,0x84,0x6F
0x8005,0x8040,0x6E,0x89
0x8097,0x7FEE,0x7F,0xA1
0x7FBC,0x7FF5,0x61,0x85
0x7FB1,0x8019,0x93,0x80
0x7FB1,0x8062,0x83,0x61
0x7FF0,0x7FFE,0x75,0x76
0x8061,0x800C,0x6F,0x75
0x8065,0x7F81,0x8C,0x7E
0x80BC,0x7FC6,0x85,0x62
0x8024,0x7F9E,0x80,0x8D
0x7F63,0x7FAD,0x97,0x84
0x7FFA,0x7FCD,0x82,0x7B
0x804F,0x7FB3,0x89,0x83
0x7FF9,0x8046,0x82,0x82
0x7FC2,0x801B,0x93,0x79
0x7FAD,0x7FD2,0x91,0x70
0x7FFB,0x7FC5,0x89,0x94
0x7F16,0x7FBE,0xA5,0x67
0x7FF1,0x7FF5,0x89,0x86
0x7FE6,0x7FEC,0x70,0x96
0x7FAE,0x7FFD,0x8E,0x93
0x802E,0x7FDD,0x75,0x90
0x80F0,0x8008,0x7C,0x52
0x808E,0x8077,0x9B,0x89
0x7FAA,0x7FE9,0x9E,0x8C
0x7FE4,0x802A,0x93,0x8F
0x7FA0,0x7FFA,0x95,0x88
0x80D1,0x7F69,0x89,0xA3
0x7FF1,0x806F,0x88,0x66
0x8039,0x8026,0x9C,0xA2
0x7FEF,0x7F9D,0x5F,0x91
0x7FE1,0x7FC3,0x6F,0x93
0x8039,0x7F11,0x6F,0xAB
0x8060,0x7F0E,0x78,0x84
0x802F,0x7FDC,0x7B,0x80
0x8049,0x804A,0x61,0x8F
0x7FB6,0x7FE7,0x99,0x6F
0x7F9F,0x7F73,0xAA,0x9D
0x80B3,0x8015,0x62,0x88
0x7F68,0x7FCD,0x98,0x84
0x8086,0x8081,0x99,0x7B
0x7F97,0x802A,0x6A,0xA8
0x7FDE,0x7FD2,0x6F,0xAE
0x8020,0x804F,0x9B,0x79
0x7F76,0x7F8E,0x99,0xAB
0x7FF0,0x7F99,0x8D,0xA9
0x804D,0x80FA,0x50,0x91
0x8033,0x7FB4,0x8A,0x94
0x7FDE,0x7F62,0x92,0x8A
0x803B,0x8008,0x7A,0x7F
0x8046,0x804C,0x9B,0x8C
0x7FC1,0x7FD7,0x9E,0x8E
0x7F2E,0x7FD2,0xAB,0x8F
0x8005,0x805A,0x95,0x77
0x7FC1,0x7F58,0x83,0x8B
0x804B,0x7FE7,0x83,0x94
0x802F,0x803B,0x5B,0x65
0x7FB3,0x7F4B,0x82,0x97
0x8014,0x7FE3,0x6A,0xA1
0x806B,0x7F9C,0x7F,0xAD
0x7F37,0x7FDB,0x80,0x75
0x803D,0x808A,0x96,0x71
0x7F68,0x7F84,0x6F,0xAD
0x7FCC,0x7FC4,0x5E,0x8D
0x7FE5,0x800C,0x93,0x82
0x801C,0x8052,0x8D,0x98
0x7F5C,0x8091,0x72,0x99
0x8102,0x8067,0x73,0x81
0x804A,0x7FCF,0x6A,0xA4
0x801E,0x7FD2,0x7A,0x8C
0x80F8,0x8007,0x84,0xAA
0x8000,0x804F,0x7D,0x82
0x7FF2,0x801D,0x7C,0x74
0x8022,0x7F2C,0x87,0x9D
0x7FD1,0x805C,0x7B,0x8C
0x7F47,0x7F5E,0x74,0x98
0x800E,0x7F83,0x75,0x8F
0x7FE2,0x8019,0x74,0x91
0x7F77,0x7F9C,0xA8,0xA2
0x80A8,0x802A,0x88,0x71
0x7FE6,0x803B,0x7C,0x87
0x7F68,0x7FD2,0x6A,0x88
0x802B,0x7FE7,0x85,0xA1
0x8041,0x7FAE,0x7C,0x8A
0x8004,0x800B,0x80,0x97
0x8097,0x7F5D,0x77,0xA0
0x7F8A,0x7FDD,0x7C,0x8B
0x7FAD,0x803D,0x9C,0x7B
0x7FDD,0x7FC7,0x7D,0x97
0x7FC3,0x807B,0x81,0x7A
0x7FF7,0x800B,0xA0,0x91
0x7FD8,0x805E,0x8A,0x6C
0x8030,0x7FA9,0x8F,0x9F
0x7FAC,0x7FDC,0x6C,0x98
0x7FD9,0x7FEC,0x74,0x92
0x8033,0x7FC5,0x9B,0x9A
0x8056,0x7F90,0x63,0x6C
0x8089,0x8061,0x7B,0x95
0x8035,0x8050,0x6B,0xA2
0x805D,0x7FA5,0x7F,0x8B
0x7FFD,0x807A,0x85,0x7A
0x7FE5,0x8013,0x7B,0x97
0x7FFE,0x7F9C,0x70,0x87
0x7FFD,0x7FF2,0x72,0x98
0x7F54,0x7F60,0x7B,0x92
0x8036,0x7FA9,0x8F,0x87
0x8014,0x7FAE,0x4F,0xAE
0x7FB5,0x8004,0x59,0x80
0x7F76,0x7FB7,0x5B,0x81
0x800B,0x8010,0x85,0x6D
0x7FF2,0x7FED,0x6D,0x82
0x7FA3,0x808D,0x88,0x72
0x7FB4,0x7FA5,0x5C,0x77
0x8031,0x7F06,0x7B,0xAA
0x8008,0x8013,0x73,0x84
0x808C,0x8044,0x7E,0x66
0x7F49,0x7FBF,0xA9,0x91
0x803F,0x8071,0x80,0x76
0x8010,0x7FEC,0x73,0x70
0x8109,0x7F36,0x73,0xA8
0x80BB,0x7F84,0x71,0x96
0x7F98,0x8000,0x8C,0x88
0x8037,0x7FA1,0x62,0x90
0x7F61,0x7FF7,0x71,0x6E
0x8069,0x800A,0x8C,0x80
0x7FDE,0x801A,0x99,0x80
0x7FBD,0x806B,0x6D,0x68
0x807F,0x8036,0x74,0x73
0x7FB6,0x8045,0x7A,0x8F
0x8024,0x7F83,0x7C,0x9C
0x7FA5,0x7FA7,0xA4,0x8E
0x80B0,0x7FE5,0x79,0x8F
0x7FFE,0x7FF1,0x7F,0x8E
0x801E,0x7F84,0x98,0x86
0x7F62,0x802F,0x5B,0x94
0x7FED,0x7F5A,0x64,0x8B
0x7FD9,0x8058,0x71,0x93
0x7FDE,0x8091,0x92,0x8B
0x8092,0x803F,0x62,0x59
0x7FDB,0x7FDD,0xA4,0x6F
0x7F79,0x802E,0x87,0x85
0x7F64,0x8000,0x85,0x9F
0x801A,0x7FD5,0x6C,0x7D
0x7FC3,0x8065,0x67,0x64
0x7FE2,0x7FB0,0x8E,0x7C
0x806C,0x801E,0x7E,0x8B
0x806A,0x800D,0x94,0x92
0x80D5,0x7FF2,0x54,0x93
0x7F8E,0x7FC0,0x8F,0x7A
0x7FA4,0x7FE1,0x5D,0x87
0x808A,0x7FC1,0x5F,0xB9
0x804B,0x7FF9,0x81,0x88
0x8051,0x8060,0x72,0x7A
0x7FE1,0x7FFA,0x86,0x91
0x7F96,0x8071,0x6E,0x83
0x7FE5,0x7FAD,0x83,0x60
0x7FD2,0x8005,0x95,0x6D
0x7F75,0x7FC1,0x93,0x93
0x7FCD,0x7F91,0x72,0x92
0x7FA5,0x8016,0x85,0x87
0x8006,0x7FA8,0x7C,0x6E
0x8028,0x7FAE,0x73,0x8E
0x8096,0x7FD4,0x67,0x77
0x7F92,0x7FB1,0x7D,0x95
0x80B2,0x7FD5,0x79,0x85
0x7FAB,0x7F85,0xA9,0x96
0x803D,0x8071,0x7A,0x79
0x7FF7,0x7F91,0x70,0xA9
0x8021,0x7FC8,0x81,0x87
0x7F6A,0x803A,0xA8,0x75
0x7FE0,0x800E,0x94,0x8A
0x7FE6,0x7FBF,0x57,0x7F
0x7F9A,0x7F93,0x97,0x7F
0x7F9C,0x7FD7,0x8F,0x85
0x8046,0x8097,0x9D,0x8D
0x7FE1,0x803C,0x6B,0x8E
0x8076,0x7FFE,0x93,0x96
0x7FD4,0x7FE9,0x77,0x56
0x7FF1,0x8091,0xA2,0x75
0x8069,0x7FCF,0x91,0x7B
0x8014,0x8020,0x8F,0x8B
0x7FBF,0x8009,0x70,0x96
0x7F72,0x7FCC,0x65,0x68
0x8001,0x7F73,0x7C,0x7C
0x8090,0x7FFD,0x92,0x75
0x7FB3,0x7FD8,0x71,0xAC
0x806F,0x8073,0x98,0x62
0x8015,0x7FBE,0x86,0x95
0x8055,0x8024,0x70,0x8C
0x8055,0x8002,0x6E,0x90
0x7FFD,0x805F,0x5E,0x8F
0x7F96,0x7F86,0x9C,0x7F
0x7FDA,0x7F02,0x9F,0x78
0x8028,0x7F5C,0x87,0x8D
0x8003,0x803E,0x9F,0x7E
0x8037,0x8063,0x80,0x6C
0x802D,0x7FAE,0x80,0x67
0x7F66,0x801A,0x90,0x88
0x7FF1,0x7F72,0x82,0x8E
0x7FE5,0x7FFB,0x89,0x7D
0x7FA0,0x7FA2,0x85,0x87
0x7F55,0x7FD0,0x72,0x83
0x7F48,0x8010,0xB6,0x5E
0x8023,0x803B,0x92,0x76
0x8040,0x80BD,0xAB,0x7A
0x7FF2,0x802B,0x7A,0x8C
0x803F,0x7FF7,0x97,0x6F
0x8068,0x7FEE,0xA8,0x9D
0x7FE5,0x807F,0xAB,0x7B
0x7F7C,0x7FAE,0x76,0x67
0x803D,0x7F97,0x95,0xA3
0x8037,0x802C,0x83,0x79
0x8003,0x7FD9,0x8A,0x53
0x802F,0x7F20,0x7F,0x8E
0x8025,0x8075,0x78,0x82
0x8017,0x7F3A,0x62,0xA1
0x8006,0x8020,0x63,0x86
0x8077,0x8035,0x8A,0x80
0x7FDB,0x7FB7,0x74,0x52
0x7F74,0x800F,0x78,0x75
0x8053,0x804A,0x8E,0x73
0x7FA5,0x7FD1,0x7D,0x9F
0x8024,0x7FE5,0x8C,0x94
0x7FE1,0x7FDB,0x92,0x83
0x7FF4,0x7F98,0x74,0x9F
0x7FE8,0x7FF2,0x6B,0x87
0x804F,0x804D,0x63,0xA1
0x7FFE,0x7FCE,0x62,0x90
0x8028,0x7FF0,0x6E,0x63
0x8064,0x8021,0x5D,0x7C
0x7F91,0x803E,0x65,0x7B
0x8030,0x804B,0x74,0x76
0x7FEE,0x8049,0x87,0x8F
0x8087,0x7FCD,0x67,0x80
0x7F81,0x8049,0x79,0x6F
0x7FD0,0x7EBB,0x7E,0x8C
0x7FBE,0x8025,0x93,0x90
0x7F83,0x7F30,0x8E,0x9B
0x801D,0x8000,0x84,0x90
0x7F7B,0x8011,0x96,0x98
0x7F7D,0x7FDE,0x99,0x60
0x7FBB,0x8013,0x61,0x87
0x8089,0x803B,0x7D,0x7B
0x8004,0x8076,0x78,0x96
0x7FF0,0x7F99,0x87,0x6F
0x803C,0x7FBB,0x8A,0x5C
0x7FF0,0x7FE0,0x86,0x71
0x8066,0x802C,0x7E,0x80
0x7F71,0x7F54,0x58,0x99
0x7FA9,0x800A,0x88,0x96
0x8017,0x7FBD,0x8C,0x6A
0x8006,0x7FE6,0x66,0x81
0x8046,0x7FFD,0x89,0x6B
0x7FF0,0x7F5E,0x89,0x9B
0x7F6B,0x7F8A,0x95,0x6B
0x8000,0x802C,0x94,0x89
0x7F81,0x806D,0x8C,0x73
0x8010,0x800B,0xA1,0x85
0x8019,0x7F7A,0x8E,0x86
0x7FD9,0x7FDC,0x9D,0x73
0x806D,0x8046,0x8E,0x78
0x7FC9,0x8017,0x7B,0x80
0x80B3,0x7FB2,0x52,0x67
0x8017,0x802F,0x5A,0x8A
0x8012,0x8075,0x87,0x84
0x7F9E,0x801A,0xBB,0x87
0x7FDA,0x7FE2,0x61,0x8B
0x804E,0x7FCF,0x85,0x95
0x8054,0x807D,0x59,0xAB
0x7FB4,0x8072,0x64,0x57
0x7F45,0x8030,0x9A,0x7C
0x8019,0x8020,0x76,0x9F
0x801C,0x800C,0x7B,0x8B
0x7FE4,0x7FB4,0x78,0x6B
0x8069,0x80B7,0x71,0x8D
0x800F,0x7FC0,0x7C,0x9C
0x7FFF,0x7F7E,0x64,0xAA
0x7FD5,0x7F5F,0x83,0x89
0x7FFA,0x7EF6,0x6B,0x8D
0x8078,0x8030,0x89,0x87
0x7FD7,0x7F7D,0x92,0x72
0x8003,0x80A4,0x56,0x76
0x7FE6,0x7F20,0x8B,0x99
0x803B,0x8022,0x95,0x80
0x7F77,0x7F96,0x99,0x7D
0x7FFD,0x8060,0x79,0x67
0x8027,0x7F67,0x88,0x7F
0x7FE5,0x8068,0x5C,0x8B
0x7FDB,0x8012,0x63,0x78
0x8018,0x7F9E,0x7B,0x88
0x8031,0x7FEB,0x8A,0x87
0x7F36,0x7FE9,0xA9,0x66
0x8072,0x8017,0x79,0x6A
0x7FAE,0x7F7A,0x98,0x90
0x806F,0x7F28,0x96,0x91
0x8036,0x8073,0x99,0x92
0x80D9,0x8010,0xA0,0x64
0x8004,0x7FC9,0x7A,0x86
0x7FAC,0x7FD9,0x8D,0x82
0x7F8C,0x7FE3,0xA4,0x87
0x805B,0x7F7D,0x7A,0x95
0x8022,0x7FEB,0x96,0x9A
0x7FE4,0x8041,0x7D,0x77
0x805F,0x7FF0,0x83,0x65
0x7FEA,0x7FA3,0x93,0x8C
0x800A,0x7FD5,0xA0,0x6F
0x7F71,0x7FB5,0x77,0xAC
0x7FEA,0x7FD3,0xAF,0xA5
0x7FEB,0x8034,0x82,0x8E
0x803C,0x7FFE,0x8D,0x88
0x7FB3,0x7F54,0x7D,0x64
0x7F8B,0x8096,0x6D,0x71
0x8046,0x7F43,0x77,0x8C
0x8090,0x7FFE,0x8C,0x75
0x7FCA,0x7F56,0x90,0x79
0x7FD5,0x8067,0x89,0x5E
0x7FDB,0x7FD6,0x9E,0x92
0x802D,0x8021,0x8F,0x8A
0x8088,0x802E,0x63,0x89
0x7FC9,0x8033,0x8D,0x91
0x7FC4,0x8046,0x79,0xA2
0x8048,0x8054,0x81,0x74
0x7FF7,0x803E,0x55,0x61
0x7FE8,0x7F93,0x67,0x9F
0x7F8B,0x8085,0x90,0x7F
0x803C,0x7FEA,0x80,0x92
0x7FDC,0x8089,0x95,0x83
0x8045,0x8004,0x84,0x79
0x7FF7,0x8082,0x76,0x84
0x7FBA,0x8039,0x6C,0x85
0x7F2C,0x7F62,0x88,0x5D
0x7F86,0x7F31,0xA0,0x59
0x7FFE,0x8084,0x93,0x57
0x8030,0x7FBA,0x7C,0x8D
0x80AF,0x8029,0x89,0x8E
0x7FE4,0x7FAC,0x95,0x8A
0x7FE1,0x7F93,0x79,0x6E
0x7FFD,0x7FF2,0x70,0x6F
0x7FAA,0x7F65,0x9E,0x8B
0x8044,0x7FCF,0x91,0x84
0x806F,0x8055,0x79,0x4E
0x7FF1,0x8029,0x9C,0x72
0x80A3,0x8035,0x4E,0x8E
0x8043,0x7FED,0x7F,0x84
0x803B,0x7FA2,0x89,0x89
0x7FA8,0x7FB0,0x7D,0x80
0x805A,0x8036,0x84,0x93
0x801C,0x8044,0x88,0x73
0x7FD8,0x7FC1,0x7A,0x7F
0x8056,0x800F,0x65,0x6B
0x7FED,0x7FFF,0x5E,0x7D
0x802A,0x803B,0x6C,0x85
0x7F79,0x8028,0x9E,0x82
0x7FC4,0x7FB8,0x8F,0x73
0x7FBE,0x7FB7,0x65,0x91
0x7FAD,0x8040,0x70,0x84
0x8031,0x7FFE,0x70,0x70
0x801C,0x8023,0x59,0x8C
0x8045,0x7F7B,0x88,0x62
0x7F57,0x8043,0x94,0x66
0x8030,0x806E,0x78,0x6A
0x7FC6,0x7F5E,0x7C,0x95
0x7F84,0x7FBC,0x94,0x7A
0x7F68,0x803A,0x9C,0x8C
0x8053,0x7FA3,0x4E,0x74
0x7FBE,0x7F95,0xA8,0x6C
0x7FAC,0x8007,0x83,0x92
0x80B6,0x801B,0x6C,0x93
0x8044,0x809F,0x6F,0x56
0x8072,0x8009,0x88,0x6B
0x8084,0x7FE9,0x47,0x79
0x7F2D,0x7FCC,0x84,0xAB
0x805F,0x8011,0x95,0x74
0x7FBF,0x8092,0x68,0x7D
0x7FE8,0x7F74,0x4B,0x5F
0x8088,0x7FAE,0x88,0x72
0x8041,0x8026,0x87,0x5C
0x80AA,0x8035,0x6B,0x91
0x7FB9,0x7FF9,0x8C,0x9E
0x7F8A,0x7FE6,0x92,0x66
0x7F60,0x7FD7,0x83,0x6E
0x7FB4,0x8046,0x9A,0x6F
0x7FFC,0x8000,0x7F,0x81
0x7FA2,0x7FFB,0x96,0x65
0x7FB1,0x802D,0xB0,0xA4
0x8077,0x7FC2,0x58,0x8D
0x8030,0x8060,0x84,0x93
0x804F,0x7F75,0xA2,0x8D
0x7FF8,0x7FFA,0x97,0x86
0x800A,0x7F92,0x8D,0x64
0x8086,0x801C,0x82,0x88
0x8043,0x8053,0x9D,0x9F
0x8013,0x7FEC,0x7C,0x6D
0x801C,0x7FE0,0x72,0x85
0x8005,0x7FDB,0x94,0x8D
0x807D,0x7F9F,0x7D,0x82
0x804E,0x806C,0x5E,0x7C
0x7FCF,0x7EB9,0x8C,0xB8
0x7F34,0x800D,0x9F,0x74
0x7FDC,0x7FDD,0x93,0x97
0x7FA6,0x8081,0xA4,0x71
0x8044,0x7FFA,0x86,0x88
0x7FE2,0x8006,0x75,0x7F
0x802F,0x801F,0x7A,0x8F
0x803B,0x7FB3,0x70,0xA4
0x8019,0x8012,0x75,0x82
0x8005,0x7FD9,0x96,0x77
0x800D,0x800E,0x8A,0x6E
0x7FCD,0x804B,0x7D,0x88
0x7F96,0x7FB2,0x7E,0xA1
0x8016,0x7FAB,0x7C,0x91
0x7FB8,0x8012,0x80,0x8D
0x8015,0x80B5,0x8B,0x7E
0x7FEC,0x7FEF,0x94,0xA3
0x7FCB,0x7F9F,0x99,0x89
0x8072,0x7FC2,0x6D,0x73
0x8003,0x800D,0xB7,0x83
0x801B,0x7FB5,0x84,0x8E
0x7F61,0x801F,0x69,0xA2
0x7FB0,0x804B,0x54,0x92
0x7FE1,0x7F8B,0x71,0x78
0x806A,0x8057,0x69,0x7C
0x80B1,0x8059,0x8C,0x88
0x7FF0,0x7FB6,0x8B,0x57
0x7FE4,0x8015,0x8E,0x85
0x8080,0x7FAE,0x87,0x62
0x7FF4,0x8042,0x6C,0x78
0x8089,0x7FBB,0x73,0x6E
0x7FBE,0x800B,0xA2,0x8B
0x7FD4,0x7F5E,0x72,0x76
0x7FA2,0x7FF8,0x66,0x71
0x8024,0x7FED,0x8F,0x7F
0x7FB6,0x8002,0x80,0x75
0x800A,0x7FC9,0x7F,0x90
0x7FB6,0x8075,0x9D,0x7F
0x7FC9,0x8029,0xB1,0x89
0x8009,0x7FF4,0x97,0x69
0x8068,0x802B,0x83,0xA7
0x7FDD,0x7F7E,0x5C,0x85
0x7F8C,0x7FDA,0x65,0x6C
0x7FC9,0x7FD5,0xB5,0x6A
0x8003,0x7F6F,0x83,0x8D
0x7FFA,0x7FD0,0x9F,0x7E
0x8031,0x7FEC,0x74,0x9D
0x80B2,0x8001,0x8F,0x84
0x8074,0x7F4C,0x8B,0x9E
0x8000,0x8071,0x81,0x90
0x7FE6,0x7FAA,0x70,0xA2
0x800E,0x7FD3,0x8D,0x6A
0x7FC5,0x7F4E,0x82,0x7D
0x802D,0x8086,0xA3,0x4E
0x8023,0x7F98,0x86,0x71
0x8072,0x8019,0x94,0x71
0x805F,0x8037,0x88,0x7C
0x7F02,0x80E9,0xB6,0x4B
0x7FCA,0x800A,0x5A,0x81
0x802C,0x7FDE,0x75,0x82
0x8041,0x8004,0x63,0x7B
0x802A,0x8020,0x5E,0x71
0x7FDD,0x7FF1,0x72,0x93
0x7F8C,0x7FED,0x7B,0x83
0x7FAC,0x8011,0x7C,0x89
0x7FB8,0x8056,0x84,0x7C
0x8037,0x7FD8,0x86,0x85
0x8027,0x7F8C,0x95,0x6F
0x803B,0x7F72,0x6D,0x81
0x804C,0x8064,0x6B,0x95
0x8030,0x7FB6,0x6A,0x7C
0x8041,0x7FB4,0x85,0xA3
0x803E,0x8002,0x79,0x8A
0x804C,0x808F,0x8D,0x76
0x8015,0x7F86,0x9B,0x9C
0x7FD8,0x8058,0x4E,0x72
0x7F49,0x8003,0x63,0x99
0x7FE2,0x8014,0x78,0x78
0x7FB0,0x7FE2,0x96,0x6D
0x7FA2,0x7FC6,0x88,0x6F
0x803E,0x8027,0x80,0x67
0x7F95,0x800D,0x7B,0x6D
0x8052,0x7F54,0x96,0x83
0x8012,0x7FDD,0x80,0x79
0x7FEC,0x80A2,0x7B,0x68
0x800A,0x800B,0xA1,0x76
0x8017,0x7FC0,0x62,0x79
0x805C,0x8053,0x59,0x64
0x7FF9,0x7F44,0x77,0x83
0x80A2,0x8086,0x74,0x85
0x8058,0x7FE6,0x58,0x94
0x7FB0,0x7FD3,0x9D,0x82
0x7FF8,0x7FAF,0x7E,0x75
0x805D,0x7F7F,0x62,0x7C
0x8023,0x7FB6,0x9C,0x7D
0x8031,0x80E1,0x80,0x62
0x801C,0x7FCD,0x7A,0x7B
0x7FC1,0x7FCC,0x95,0x7D
0x8058,0x7FB7,0x85,0x7D
0x7FDA,0x7FCB,0x96,0x8C
0x8001,0x7FE0,0x7B,0x94
0x800E,0x806F,0x69,0x8C
0x7FE3,0x8025,0x81,0x75
0x7FB2,0x804E,0x5A,0x69
0x7FD4,0x8007,0x75,0x8F
0x7FC3,0x8043,0x77,0x80
0x803D,0x7FF6,0x69,0x79
0x80A3,0x7F56,0x5B,0xA2
0x7F7F,0x8052,0x5D,0x72
0x8040,0x7FAC,0x9C,0x69
0x801F,0x7FDF,0x42,0x85
0x803E,0x7F60,0x85,0x5A
0x7FCF,0x8013,0x91,0x77
0x7FBA,0x7FA1,0x5E,0x9B
0x7FD9,0x7FE2,0x7C,0x86
0x7FEC,0x7FBE,0x90,0x76
0x7F75,0x8002,0x6C,0x6C
0x7FAA,0x8026,0x7F,0xB8
0x7FCC,0x7FE4,0x8A,0x8B
0x804E,0x8008,0x71,0x94
0x7F62,0x8017,0x88,0x7E
0x8072,0x7F7B,0x98,0x95
0x8056,0x8003,0x80,0x91
0x7FDC,0x7FF0,0x90,0x91
0x8067,0x8060,0x69,0x6D
0x7FE3,0x7FD6,0x98,0x92
0x8051,0x7F9A,0x82,0x87
0x7F27,0x7FCF,0x89,0x6D
0x8076,0x7FFD,0x84,0x8F
0x8031,0x7FF6,0x74,0x81
0x7FF8,0x806C,0x5E,0x80
0x7FD8,0x7F6C,0x7C,0x92
0x7FDE,0x7F6D,0x83,0x9F
0x7FAB,0x7FC9,0x74,0xA2
0x80F8,0x80B1,0x86,0x82
0x7FD6,0x7FB6,0x7C,0x64
0x7FF5,0x80CF,0x60,0x98
0x8024,0x7FCF,0x8E,0x5F
0x7FFC,0x7FE3,0x6D,0x81
0x7FCD,0x7FCD,0x86,0x69
0x7FBB,0x7F9D,0x60,0x9F
0x7F8C,0x801E,0x9E,0x76
0x7FF2,0x7FFB,0x6D,0x83
0x7FD8,0x7FB3,0x68,0x8A
0x7FB9,0x7FDB,0x94,0x86
0x7FE1,0x8037,0x7A,0x86
0x8072,0x7FEB,0x8E,0x7C
0x7FE0,0x7FAB,0x88,0x87
0x7FBD,0x8010,0x7A,0x79
0x804A,0x7FBE,0x75,0x6C
0x7FF6,0x7F6B,0x90,0xA1
0x8049,0x804C,0x68,0x7B
0x7FC5,0x7FCE,0x74,0x78
0x7FD1,0x7FEF,0x5D,0x77
0x7FED,0x7FB5,0x7C,0x86
0x8070,0x7FF2,0x78,0x71
0x8083,0x8023,0x71,0x96
0x7FDE,0x7FC8,0x8F,0x7C
0x7FAD,0x7FC0,0x9F,0x8B
0x7FCD,0x7FFB,0x6B,0x91
0x7FDC,0x7F19,0x75,0x6A
0x805F,0x7FCD,0x68,0x5D
0x80F2,0x8096,0x6C,0x98
0x7FD4,0x7FBB,0x58,0x79
0x8001,0x7F88,0x6A,0x65
0x805C,0x806E,0x79,0x6B
0x8061,0x8061,0x81,0x8B
0x7FD0,0x7F95,0x6F,0x92
0x7FA3,0x800B,0x68,0x72
0x801F,0x7F8B,0x78,0x80
0x7FC1,0x7FC7,0x70,0x8B
0x7FAD,0x8099,0xA3,0x71
0x7FDB,0x7FEA,0x87,0x68
0x801C,0x801D,0x83,0x72
0x806D,0x801C,0x81,0x84
0x7FCF,0x7FFD,0x7F,0x6A
0x7FE7,0x7FE5,0xA1,0x74
0x7FA6,0x802E,0x5E,0x94
0x7FDA,0x7FB7,0x9F,0x8C
0x804F,0x804D,0x5B,0x75
0x7FD9,0x802F,0x5F,0x71
0x80C8,0x8063,0x80,0x87
0x801F,0x800F,0x9E,0x8F
0x8050,0x800B,0x6E,0x87
0x7FD5,0x8072,0x63,0x8F
0x802E,0x7F95,0x7F,0x7A
0x8029,0x8015,0x9C,0x73
0x7F8B,0x802E,0x9B,0x89
0x8055,0x803B,0x78,0x88
0x8020,0x7F46,0x8A,0x91
0x804B,0x7FCA,0x70,0x8A
0x7FC9,0x806D,0x7F,0x7A
0x800B,0x8015,0x75,0x8E
0x805E,0x7FF5,0x65,0x98
0x7F8F,0x8075,0x95,0x6E
0x7F96,0x7F2C,0x90,0x96
0x7F65,0x7FFE,0x85,0x71
0x7FF5,0x800F,0x8C,0x74
0x802F,0x803F,0x88,0x8C
0x8027,0x7FC5,0x8B,0xAD
0x7F99,0x7FED,0x8A,0x92
0x7FF8,0x801C,0xB1,0x7C
0x7F8D,0x7FA8,0x70,0x77
0x8093,0x805B,0x74,0x7E
0x7FBC,0x7FE0,0x9C,0x5C
0x7FE9,0x7F3B,0x74,0x94
0x7FD3,0x8001,0x75,0x74
0x8047,0x7F11,0x58,0x83
0x7F7C,0x7FC3,0x7A,0x6D
0x8021,0x8048,0x8C,0x84
0x8060,0x7FEB,0x88,0x7C
0x8084,0x7F76,0x7F,0x9A
0x7FA5,0x801D,0xAB,0x6F
0x7FF3,0x8003,0x98,0x7A
0x8019,0x7F98,0x8F,0x76
0x805C,0x80E1,0x64,0x69
0x8079,0x7FD0,0x84,0x79
0x80E3,0x8004,0x8E,0x76
0x7F41,0x7FB0,0x45,0x96
0x7F64,0x802A,0x65,0x8A
0x8088,0x7FDB,0x93,0x70
0x7F82,0x7F7D,0xA5,0x77
0x8012,0x802D,0x99,0x6B
0x7F9F,0x802C,0x7D,0x95
0x7F72,0x7F83,0x77,0x71
0x7FD9,0x7FF4,0x7B,0x99
0x7FA8,0x8051,0x6D,0x83
0x800E,0x7FAD,0x9C,0x7A
0x80ED,0x7FE3,0x5C,0x81
0x804A,0x8021,0x8C,0x80
0x8017,0x802A,0x9F,0x7C
0x802C,0x7FD3,0x72,0x8E
0x7FD1,0x7F3F,0x9C,0x6C
0x809C,0x7F8F,0x63,0x87
0x7F32,0x7FD9,0x9A,0x79
0x80C7,0x7FC7,0x6B,0x7C
0x800B,0x8000,0x75,0x80
0x8014,0x8075,0x6C,0x91
0x8022,0x7F9A,0x7F,0x89
0x8007,0x7FB3,0xA0,0x88
0x7F8C,0x7FE1,0xA1,0xA3
0x8026,0x804F,0x85,0x71
0x7F49,0x8065,0xA0,0x4B
0x8039,0x800A,0x95,0x87
0x800F,0x8022,0x7C,0x7E
0x7FEA,0x8026,0x78,0x7B
0x7FBC,0x7F5E,0x8A,0x62
0x7FFD,0x7F91,0x85,0x99
0x7FBF,0x7FBE,0x64,0x84
0x8006,0x8030,0x95,0x92
0x7FBE,0x7F74,0x8A,0x80
0x7FC9,0x8031,0x8A,0x4C
0x7FD9,0x805C,0x74,0x82
0x800D,0x7F82,0x5A,0x84
0x7FE7,0x7FDB,0x72,0x85
0x8054,0x8077,0x7D,0x83
0x7FB5,0x7FD9,0xA8,0x9C
0x8061,0x7FA9,0x79,0xA2
0x807C,0x801F,0x71,0x7E
0x7FBF,0x803B,0x77,0x7D
0x8022,0x7F5B,0x87,0x76
0x80D2,0x7F92,0x8F,0xA5
0x8044,0x7FEB,0x8F,0x85
0x8051,0x8053,0x79,0x9B
0x8021,0x7FA0,0x74,0x9C
0x8035,0x7FF8,0x72,0x7B
0x807C,0x7FE0,0x9C,0x88
0x801B,0x808B,0x70,0x88
0x802F,0x8023,0x8B,0x86
0x7FB6,0x7FA2,0x7B,0xB1
0x7FE2,0x7FBF,0xA6,0xA1
0x7FCC,0x7FB0,0x8B,0x7F
0x7FCF,0x8011,0x86,0x8E
0x7FDF,0x7F9A,0x69,0x98
0x8057,0x7FFF,0x72,0x67
0x805D,0x8055,0x83,0x87
0x7FAA,0x7FDB,0x72,0xA5
0x8025,0x7F82,0x80,0x8D
0x7F2C,0x7F4D,0x7B,0x9C
0x7F4E,0x7FEB,0x6F,0x5B
0x7F8D,0x8005,0x89,0x92
0x80C6,0x8010,0x85,0x7D
0x7FCD,0x7FC9,0x86,0x96
0x8047,0x802A,0x9C,0x75
0x8025,0x8089,0x8B,0x99
0x7FD8,0x8013,0x6E,0x95
0x7F95,0x7FEE,0x91,0x83
0x8063,0x7F6F,0x72,0x8C
0x8051,0x8045,0x86,0x85
0x7FE5,0x8052,0x74,0x7A
0x80CA,0x7FD6,0x77,0x8A
0x802F,0x7F4F,0x86,0x96
0x805B,0x7FCC,0x90,0x74
0x8078,0x7FA4,0x4E,0x77
0x7F6C,0x7FC5,0x94,0x9A
0x7F99,0x8014,0x74,0x6A
0x802B,0x7FE1,0x83,0x8C
0x7F97,0x7F99,0x4A,0x70
0x7FDD,0x8008,0x70,0x6C
0x7FF7,0x7FF8,0x8B,0x8A
0x7FED,0x8071,0x94,0x66
0x8028,0x808B,0x87,0x5F
0x7F3B,0x7FFF,0x89,0x93
0x7F98,0x7F9B,0x9F,0x67
0x7F8D,0x7FA1,0x75,0x61
0x7FB8,0x7FC8,0x74,0x76
0x8026,0x8046,0x89,0x83
0x7F79,0x808E,0x86,0x7D
0x806F,0x7FF4,0x71,0x7F
0x801E,0x7F4E,0x86,0x6E
0x80A9,0x7F6E,0x67,0x88
0x8045,0x7F9B,0x7E,0x7C
0x7FFD,0x7F78,0x57,0xA2
0x80DA,0x7F9D,0x74,0x67
0x7FE3,0x8000,0x7C,0x93
0x805B,0x7FDB,0x81,0x83
0x8012,0x80A4,0x94,0x70
0x7FD6,0x7FDF,0x9E,0x8C
0x7FD1,0x7FDC,0x56,0x83
0x8055,0x7FEA,0x78,0x6A
0x7FCA,0x7F81,0x89,0x8D
0x7F5B,0x808E,0x93,0x71
0x806A,0x7FAE,0x88,0x8A
0x7F77,0x7FC1,0x9B,0x6D
0x8019,0x7FE3,0x95,0x7F
0x7FED,0x7F70,0x78,0x7B
0x8061,0x7FE0,0x82,0x8B
0x7FD6,0x7FFA,0x90,0x8F
0x80C5,0x800D,0x83,0x6E
0x8021,0x8062,0xA5,0x72
0x7FF9,0x8084,0x71,0x97
0x8042,0x8000,0x85,0x86
0x8019,0x7FF9,0x87,0x6B
0x7FB9,0x8073,0x8A,0x7F
0x7F6A,0x808C,0x64,0x85
0x7FC2,0x7F9B,0x92,0x8B
0x8042,0x7FDA,0x6F,0xA1
0x7F71,0x8024,0x7E,0x87
0x8054,0x8051,0x7E,0x66
0x8013,0x7F5C,0x7D,0x92
0x805C,0x7F3A,0x85,0x8A
0x805B,0x7F65,0x80,0x9C
0x8021,0x7FC6,0x83,0x70
0x800E,0x7FF9,0x61,0x91
0x8095,0x802B,0x85,0x7A
0x8007,0x7F76,0x8B,0x7F
0x7FB3,0x7F9C,0x68,0x7B
0x800E,0x7FBE,0x87,0x4E
0x802C,0x805B,0x4B,0x72
0x7FC2,0x7F06,0x8F,0x8A
0x7FA6,0x7FF8,0x7C,0x76
0x7FFB,0x804E,0x7E,0x9C
0x7FDB,0x803B,0x98,0x91
0x7FEB,0x802E,0x8E,0x78
0x7FAD,0x8051,0x98,0x54
0x7FBD,0x7FF1,0x9E,0x7C
0x7FB1,0x802E,0x7B,0x73
0x800D,0x800A,0x87,0x74
0x7FB1,0x802F,0x74,0x97
0x7F83,0x8056,0x7E,0x92
0x804A,0x8061,0x8B,0x7C
0x801D,0x7F78,0x5F,0x97
0x8073,0x7FB4,0x7B,0x78
0x7FDC,0x800D,0x6E,0x99
0x7FFA,0x8012,0xA6,0x82
0x7FE8,0x7F72,0x9C,0x9B
0x8009,0x7F32,0x7D,0xAE
0x7FF4,0x8026,0x8B,0x75
0x7FD3,0x7F6F,0x9D,0x90
0x8068,0x7FE0,0x7F,0x92
0x7FB0,0x8001,0x90,0xA2
0x7F6F,0x7F83,0xB4,0x84
0x7F94,0x802D,0x82,0x93
0x801B,0x8004,0x88,0x71
0x80C1,0x7FB2,0x99,0x8E
0x7F97,0x7FFE,0x63,0x79
0x806C,0x80DA,0x8E,0x8B
0x7FA2,0x8069,0x6B,0x73
0x7FC8,0x7F91,0x9E,0x74
0x7FEA,0x7F8A,0x77,0x8D
0x7FD1,0x8001,0x7E,0x8E
0x7FBD,0x7ECF,0x6A,0x7A
0x7FE4,0x7FBB,0x7B,0x9B
0x7FFF,0x8018,0x7C,0x70
0x802B,0x8016,0x8B,0x87
0x7F7C,0x7FE3,0x6F,0x89
0x808B,0x8044,0x90,0x83
0x7FDC,0x7FCC,0xA6,0x6B
0x7FDD,0x8019,0x99,0x81
0x808B,0x7FC2,0x7F,0xA4
0x8074,0x7FCD,0x8A,0x9A
0x8059,0x7F49,0x5F,0x9C
0x7FFC,0x8025,0x63,0x6B
0x8062,0x800E,0x76,0x6B
0x7FE3,0x7FDC,0x97,0x6E
0x7F86,0x80B8,0xA3,0x78
0x7F9D,0x803F,0x9C,0xA1
0x7FCB,0x7FF4,0x88,0x7D
0x7F80,0x8025,0x97,0x74
0x7FEF,0x7F74,0x5D,0xAD
0x808B,0x8042,0xA1,0x8A
0x7F83,0x8029,0x81,0x9D
0x7FDB,0x8058,0xA1,0x87
0x7FBA,0x8014,0x90,0x82
0x805A,0x803B,0x78,0x61
0x800C,0x7FC2,0x7B,0x6C
0x8032,0x7F81,0x82,0x90
0x8033,0x7FA5,0x72,0x96
0x7FAE,0x8022,0x8A,0x9D
0x8029,0x7FDE,0x89,0x7B
0x7FDE,0x800E,0x75,0x6D
0x8008,0x7F27,0x77,0x8E
0x8073,0x7F7E,0x75,0x82
0x8031,0x7FD3,0x7F,0x88
0x7F61,0x7F58,0x9F,0xA4
0x803C,0x8010,0x77,0x70
0x7F8A,0x7FD0,0x9A,0x87
0x7FB9,0x7FC3,0x79,0x6D
0x7FD5,0x8036,0x7F,0x7C
0x800C,0x804B,0x76,0x69
0x8042,0x802A,0x93,0x7A
0x8049,0x7FA8,0x54,0x98
0x804F,0x8086,0x7F,0x76
0x809F,0x8045,0x8D,0x95
0x7FD9,0x7FF4,0x6A,0x8C
0x7FEF,0x7F77,0x5D,0x86
0x7FC2,0x7FCE,0x87,0x83
0x8053,0x7FBD,0x4C,0x8C
0x7FC3,0x7FB5,0x99,0x94
0x8000,0x8068,0x66,0x76
0x8006,0x7F4C,0x7B,0xA2
0x8035,0x803A,0x77,0x8D
0x7FF3,0x7FE0,0x7F,0x96
0x8029,0x7F4D,0x88,0x76
0x7FD1,0x8054,0x90,0x6E
0x7FF4,0x7FE8,0x95,0x95
0x7F9E,0x8061,0x8A,0x8B
0x8093,0x7FC6,0x6B,0x9A
0x7F93,0x801E,0x86,0x8C
0x7FFF,0x801E,0x87,0x73
0x809D,0x8044,0x69,0x57
0x8060,0x7FA7,0x7A,0x82
0x7FC1,0x7FF2,0x78,0x63
0x8015,0x7FEB,0x96,0x7E
0x805D,0x7F6B,0x71,0x85
0x7F84,0x7FB7,0x6D,0x80
0x7FFD,0x802C,0x8B,0x80
0x7FBF,0x8072,0x92,0x7F
0x8003,0x7FA0,0x95,0xBA
0x803A,0x8059,0x78,0x70
0x7FD1,0x800F,0x66,0x6F
0x8002,0x7F9F,0x91,0x8B
0x7FF2,0x7FF4,0x8D,0x88
0x7FE1,0x7F8C,0x7D,0x57
0x8029,0x7F9E,0x9F,0x98
0x7FE8,0x801B,0x8D,0x65
0x8029,0x8020,0x6A,0x90
0x7FA5,0x7F4C,0x9C,0x98
0x807E,0x7FE7,0x7B,0x97
0x8051,0x803B,0x75,0x80
0x7FFA,0x7FF4,0x8B,0x81
0x7FAF,0x803C,0x89,0x6D
0x7F3B,0x7F82,0x88,0x89
0x8037,0x7F75,0x77,0x7C
0x7FCB,0x7F7B,0x7A,0x7D
0x7FEF,0x7FF1,0x84,0x75
0x7FAE,0x7FA1,0x91,0x90
0x8025,0x7FBE,0x66,0x69
0x802B,0x801C,0x76,0x54
0x80A9,0x7FED,0x87,0x86
0x7F66,0x7FC4,0x95,0x8E
0x801C,0x8033,0x87,0x7D
0x8024,0x8007,0x79,0x84
0x7FE5,0x7FA1,0x81,0x62
0x8048,0x804C,0x6F,0x75
0x7FEA,0x802D,0x8E,0x81
0x803B,0x804A,0x77,0x89
0x807A,0x805D,0x7A,0x63
0x7FD0,0x7FCB,0x65,0x58
0x809A,0x7FAF,0x66,0x79
0x7FEF,0x8011,0x99,0x8B
0x7FAF,0x80A8,0x6B,0x79
0x7FD9,0x7FAE,0x8E,0x7D
0x8011,0x7FFA,0xA6,0x8B
0x7F6E,0x8045,0x5F,0x79
0x7F9D,0x7FB6,0x88,0x85
0x808D,0x8004,0x7A,0x77
0x800F,0x8041,0x4F,0x87
0x7FA4,0x7FC0,0x8D,0x8D
0x7FC3,0x805C,0x6E,0x71
0x7FE0,0x7FB6,0x9C,0x79
0x7FC7,0x803F,0x89,0x7A
0x804B,0x7F92,0x76,0x92
0x8050,0x7F8C,0x81,0x8A
0x8041,0x7FF0,0x85,0x85
0x8051,0x80A4,0x68,0x95
0x7FBC,0x8059,0x94,0x90
0x8064,0x7FF4,0x7A,0x77
0x8044,0x7F77,0x66,0x8B
0x7FCD,0x7FD9,0x86,0xA2
0x7FDF,0x7FCD,0x7A,0x5F
0x80BE,0x7FDA,0x6E,0x8E
0x7FDD,0x7F8F,0x82,0x84
0x7FB4,0x804A,0x93,0x73
0x7FC9,0x8059,0x76,0x63
0x7FE3,0x7FFD,0x80,0x88
0x8093,0x7F8E,0x51,0xB7
0x8076,0x7FE0,0x87,0x7C
0x7FC7,0x7FDE,0x6C,0x8D
0x7FBA,0x800B,0x70,0x87
0x8027,0x7F56,0xA6,0x91
0x7FC0,0x7FEA,0x74,0x7B
0x7FE3,0x803F,0x60,0x7D
0x7FD6,0x7FCB,0x78,0x71
0x8023,0x8008,0x6B,0x8A
0x7F82,0x7FD5,0x76,0x7E
0x7FB2,0x7FC2,0x9F,0x72
0x7FEC,0x8064,0x8E,0x6A
0x7FD7,0x7FBE,0x93,0x7E
0x805D,0x7F77,0x74,0x84
0x80BA,0x7FF0,0x78,0x83
0x7FB7,0x8017,0x6F,0x87
0x7FB5,0x7F99,0x87,0x4D
0x806A,0x8063,0x7F,0xA3
0x7FBB,0x801D,0x94,0x6D
0x7FE7,0x8057,0x5F,0x6D
0x8008,0x7F87,0x9C,0x81
0x8058,0x8005,0x4E,0x7A
0x807C,0x802D,0x5D,0x6D
0x8030,0x7EEC,0x66,0xA5
0x7FE4,0x7FF4,0x91,0x89
0x7F84,0x804A,0xA1,0x8C
0x7FDE,0x7F60,0x7E,0xB0
0x7F57,0x8002,0x7B,0x56
0x8029,0x7FCC,0x8F,0x77
0x804A,0x7F56,0x6D,0x97
0x802A,0x8038,0x84,0x83
0x8068,0x7FDA,0x69,0x93
0x7F1F,0x7FBA,0xA2,0x89
0x7F72,0x8061,0x7E,0x5F
0x7FF8,0x8005,0x89,0x6F
0x8007,0x7FBF,0x84,0x5E
0x7F35,0x7F4F,0x77,0x8C
0x7F7B,0x8073,0x8A,0x89
0x806C,0x805F,0x7F,0x55
0x8015,0x7FBA,0x92,0x84
0x7FEE,0x7FBA,0x8D,0xA3
0x7FA3,0x801D,0x68,0x7F
0x8092,0x802D,0x82,0x93
0x8099,0x7FFB,0x85,0x8A
0x7F8A,0x7FD3,0x8C,0x8F
0x800D,0x806B,0x68,0x87
0x8023,0x8033,0x8E,0x89
0x80A5,0x7F5B,0x7C,0xB0
0x7FA6,0x7F7D,0x80,0xA9
0x807C,0x8040,0x85,0xA0
0x8081,0x7FBD,0xA3,0x71
0x801B,0x7F8D,0x6F,0x8A
0x8024,0x7FEA,0x91,0x81
0x7F97,0x8040,0x74,0x8A
0x7F80,0x8049,0x86,0x61
0x7F7B,0x8052,0x66,0x72
0x7F65,0x8058,0x61,0x69
0x7FF0,0x8054,0x5C,0x80
0x8000,0x7FBA,0x87,0x7B
0x80FE,0x8021,0x6F,0x6D
0x8041,0x7FBA,0x6C,0x81
0x7F08,0x7F39,0x9A,0xA8
0x809C,0x8058,0x9B,0x8C
0x7FF7,0x8055,0xA6,0x8F
0x7FE1,0x803F,0x96,0x88
0x8014,0x7FFD,0x9D,0x6C
0x8020,0x8084,0x8F,0x83
0x7FD7,0x7F46,0x55,0xAD
0x7FEE,0x8017,0x77,0x97
0x806A,0x8057,0x80,0x89
0x8052,0x7F5D,0x9F,0xA6
0x7F75,0x7EEF,0xA9,0xA8
0x8027,0x7FB7,0x83,0x7D
0x7FA9,0x801C,0x95,0x7F
0x802B,0x7FB9,0x91,0x80
0x802B,0x802E,0x9B,0x6B
0x8096,0x7FD9,0x87,0x75
0x802A,0x7FBE,0x64,0x6E
0x7FE1,0x8035,0xA8,0x4B
0x8001,0x7FAF,0x90,0x83
0x7FB3,0x802F,0x9B,0x89
0x803F,0x7FA5,0x7C,0x91
0x7FB2,0x8029,0x8B,0x81
0x7FDE,0x7FEC,0xAC,0x92
0x8024,0x7FF8,0x7A,0x83
0x7FE5,0x80BF,0x77,0x6F
0x7FA5,0x800E,0x8F,0x8A
0x7FCD,0x7FDE,0x6A,0x8A
0x7F3A,0x7FDD,0xAE,0x53
0x802C,0x7F53,0x80,0x72
0x8014,0x7FFF,0x9D,0x80
0x7FF8,0x8060,0x63,0x57
0x80B1,0x7FA3,0x93,0x85
0x8026,0x7FC9,0x7D,0x90
0x8008,0x8010,0x6A,0x6E
0x800C,0x7FE6,0x5A,0x6D
0x8092,0x8040,0x7F,0x89
0x7FCE,0x7FD7,0x93,0x82
0x8042,0x7F90,0x52,0x97
0x803E,0x7F5D,0x79,0x73
0x805B,0x8003,0x51,0x8C
0x7FD0,0x7FCE,0xA3,0x8F
0x7F4C,0x8037,0x9C,0x80
0x804D,0x8057,0x95,0x5A
0x7FE7,0x7FC9,0x8C,0x7E
0x802C,0x8051,0x96,0x7F
0x7F40,0x7FF1,0x57,0xA1
0x8086,0x7F7A,0x73,0x97
0x8008,0x80E3,0x75,0x83
0x7FAB,0x7FF8,0x5A,0x77
0x7FA1,0x7FFE,0x8F,0x75
0x7F9C,0x8033,0x75,0x73
0x8005,0x7FC7,0x97,0x6D
0x8029,0x8063,0x7F,0x68
0x7FE6,0x7F47,0x73,0x68
0x8013,0x7F89,0x87,0x79
0x7FF1,0x7FE1,0x8F,0x64
0x7FF6,0x7F73,0x92,0x85
0x8066,0x7FD6,0x84,0x94
0x8058,0x7F43,0x92,0xA2
0x7FCB,0x807B,0x81,0x7B
0x8060,0x8012,0x81,0x7D
0x7F70,0x7FE2,0x8E,0x8E
0x7FFB,0x8027,0x6F,0x4B
0x7FBE,0x8045,0x82,0x86
0x8024,0x8038,0x81,0x9E
0x804B,0x8060,0x7E,0x8A
0x8090,0x803D,0x88,0x58
0x7FBE,0x7FF5,0x8E,0x6C
0x8021,0x7F7F,0x6F,0x88
0x7FB6,0x7FD1,0x70,0x62
0x7FC3,0x801A,0x6D,0x7C
0x802F,0x80BA,0x86,0x72
0x7FF4,0x8034,0x6F,0x7F
0x7F42,0x7FB3,0xA3,0x92
0x7FF1,0x7FD6,0x76,0x99
0x7FFC,0x8061,0x69,0x51
0x7FA8,0x803C,0x8E,0x86
0x7FF2,0x8013,0x7E,0x6C
0x7FF9,0x7EE0,0x9A,0xAF
0x8047,0x8039,0x75,0x6B
0x7FF0,0x8002,0x74,0x91
0x8036,0x7F62,0x80,0x69
0x7EC5,0x7F85,0x9C,0x61
0x8000,0x807C,0x73,0x60
0x7FFD,0x7FEF,0x83,0x8E
0x8024,0x7F89,0x6F,0x8F
0x7FC7,0x7FF3,0x85,0x7B
0x8014,0x7FA5,0xAE,0x88
0x8035,0x7FF1,0x7B,0x89
0x8052,0x7FC6,0x89,0x88
0x7F9D,0x7FCE,0x6F,0x7C
0x7F88,0x7FA8,0x97,0x7B
0x803E,0x8051,0x59,0x79
0x806B,0x800F,0x58,0x73
0x8066,0x804E,0x5C,0x5F
0x7F97,0x7FA9,0x92,0x9F
0x7FD4,0x7FA3,0x94,0x71
0x8092,0x7FBB,0x77,0xA4
0x8003,0x7FD1,0x6A,0x79
0x8031,0x8094,0x8F,0x77
0x7FF0,0x8014,0x74,0x7A
0x7FA3,0x7F90,0x96,0x79
0x8000,0x8078,0x7C,0x7A
0x803D,0x8008,0x8D,0x74
0x7FB0,0x7FB7,0x4F,0x81
0x7FE7,0x8006,0x85,0x6D
0x8008,0x7FD4,0x92,0x86
0x8046,0x8052,0x82,0x74
0x7F59,0x8021,0x8B,0x7E
0x7FE5,0x7F17,0x6F,0x9D
0x803B,0x7F4D,0x85,0x85
0x7FC8,0x8041,0x9F,0x81
0x80AD,0x7F65,0x63,0x6F
0x8077,0x802A,0x89,0x7B
0x802D,0x803D,0x7D,0x92
0x7F81,0x7F7F,0x92,0x8E
0x8064,0x8048,0x80,0x7A
0x7F7B,0x8025,0x88,0x87
0x7FA7,0x7F71,0x84,0x92
0x8040,0x8056,0x95,0x69
0x805C,0x8018,0x7C,0x91
0x803A,0x7FF7,0x77,0x8D
0x7FDA,0x8014,0x76,0x81
0x804F,0x7FA9,0x77,0x70
0x7F8F,0x8069,0x82,0x51
0x8079,0x7F94,0x86,0x8E
0x8070,0x80A0,0x7B,0x8D
0x7FEE,0x8060,0x95,0x79
0x8014,0x8010,0x83,0x60
0x8068,0x7F83,0x94,0x94
0x7F64,0x7FCB,0xA7,0x82
0x7FE5,0x8052,0x7D,0x7C
0x8039,0x8012,0x91,0x99
0x7FDD,0x7FA6,0x68,0x91
0x804A,0x8002,0x72,0x9E
0x8040,0x7FB5,0x77,0x85
0x7FEB,0x7F40,0x69,0x96
0x7FD4,0x8035,0x90,0x8E
0x805D,0x7F8B,0x88,0x7F
0x7FF4,0x8077,0x86,0x4C
0x8024,0x7FB5,0x81,0x84
0x7FD2,0x7F50,0x6B,0xB1
0x8028,0x8063,0x82,0x7E
0x7F55,0x8037,0xAE,0x7B
0x7FE8,0x7FE5,0x7E,0x96
0x80B1,0x7FDB,0x65,0x83
0x808C,0x7F7A,0x7E,0x93
0x7FE2,0x809B,0xA0,0x63
0x7FF0,0x8019,0x75,0x75
0x7FB9,0x7FC7,0x9B,0x89
0x801A,0x7FFF,0x75,0x80
0x8043,0x8055,0x50,0x6C
0x7FD8,0x809B,0x90,0x71
0x800E,0x7F73,0x89,0x9F
0x7FFF,0x8091,0x83,0x85
0x8028,0x7FB1,0x8B,0x7C
0x7FA5,0x8016,0x81,0x73
0x807B,0x8001,0x73,0x72
0x801D,0x8068,0x99,0x8C
0x7F27,0x7FCD,0x9C,0xA0
0x8007,0x7F87,0x74,0xAF
0x806E,0x800C,0x6B,0x84
0x7FE0,0x7F8B,0x7F,0xAE
0x7FCD,0x7FEC,0x7C,0x75
0x7FA5,0x7F5F,0x6B,0x8C
0x806A,0x804D,0x8D,0x82
0x801C,0x7F8B,0x77,0x7E
0x8022,0x805F,0x8B,0x8E
0x8047,0x7F79,0x8A,0xA3
0x7FDD,0x7FCB,0x8F,0xA4
0x8015,0x7FCB,0x81,0x98
0x8084,0x802B,0x78,0x92
0x8091,0x800C,0x61,0x96
0x801A,0x805C,0x57,0x7C
0x7F66,0x7FE6,0xA2,0xAC
0x7F6C,0x8103,0xA4,0x90
0x7FE0,0x7FFB,0x7E,0x9D
0x7FD9,0x801E,0x8A,0x77
0x7FCA,0x805A,0x82,0x7E
0x7FC2,0x7F8A,0x60,0xAC
0x7FD5,0x7F8E,0x6F,0x77
0x7FBE,0x7FCF,0x87,0x84
0x809D,0x802C,0x7F,0x90
0x8059,0x7F87,0x87,0x88
0x8041,0x7F3F,0x78,0x9D
0x7FBB,0x7FA9,0x84,0x83
0x8052,0x7FE5,0x7B,0x80
0x808F,0x8001,0x84,0x8A
0x8052,0x8064,0x8B,0x5C
0x8009,0x803F,0xA0,0x79
0x8030,0x7FC9,0x5F,0x93
0x7FD8,0x804C,0x79,0x91
0x803C,0x8076,0x7F,0x86
0x7F89,0x7FC8,0x5E,0x91
0x8090,0x7FFB,0x90,0x8D
0x7FC0,0x8014,0x9F,0x5B
0x7FD9,0x8043,0x94,0x87
0x8006,0x7F0F,0x5F,0x82
0x7FA4,0x806C,0x90,0x6A
0x7FB6,0x8001,0x70,0x84
0x806D,0x8009,0x6A,0x7A
0x7F6B,0x7FD1,0x9B,0x73
0x807C,0x7F70,0x7A,0x8E
0x7FF4,0x801C,0x64,0x98
0x7FB0,0x8034,0x8A,0x72
0x7FE3,0x803E,0x5C,0x65
0x8078,0x7F73,0x7A,0x8E
0x8071,0x802A,0x93,0x87
0x8082,0x8051,0x8A,0x99
0x7FAC,0x7F5A,0x77,0xA3
0x7FCE,0x8083,0xA2,0x6B
0x8048,0x7FE3,0x5C,0x78
0x7FB0,0x7FFF,0x93,0x8D
0x7FDB,0x7FDC,0x83,0x86
0x8013,0x7FD4,0x82,0x8F
0x7FC0,0x7F95,0x61,0x9F
0x8073,0x8096,0x6E,0x5B
0x7F7F,0x8057,0xA4,0x62
0x8004,0x7FD5,0x7F,0x89
0x8085,0x7F3A,0x36,0x8F
0x7FEE,0x7F5C,0xA3,0xA0
0x8019,0x800F,0x83,0x8D
0x7FE4,0x805F,0x8E,0x74
0x8090,0x7FCA,0x85,0x92
0x802D,0x7FED,0x8C,0x77
0x7FDA,0x7F9A,0x70,0x77
0x7FF2,0x8096,0x8C,0x6D
0x805C,0x7FE7,0x50,0x9C
0x7FBF,0x8008,0x8C,0x77
0x8035,0x7F70,0x82,0xAD
0x8073,0x8021,0x65,0x84
0x8062,0x7FB3,0x76,0x75
0x7FAC,0x805E,0x81,0x62
0x8026,0x805F,0x74,0x83
0x7FE6,0x801D,0x6F,0x86
0x7FF5,0x802A,0x86,0x7B
0x7FFA,0x8043,0xAD,0x87
0x7F8D,0x805B,0x8F,0x87
0x7FAD,0x805E,0x92,0x90
0x7F35,0x7FAC,0xA8,0x8D
0x7FF5,0x7F9A,0x53,0x9E
0x7F81,0x7F70,0x6C,0xA1
0x7F92,0x7FF6,0x99,0x7C
0x8000,0x8003,0x90,0x64
0x7FB6,0x7FC5,0x61,0x84
0x804E,0x7FCE,0x81,0x90
0x8053,0x7F54,0x6C,0x8E
0x8001,0x7FB7,0x67,0x73
0x807E,0x7FEC,0x5C,0x7E
0x8014,0x7FDD,0x75,0x77
0x8022,0x8048,0x85,0x73
0x8084,0x7FFD,0x88,0x73
0x8056,0x800E,0x78,0x85
0x8075,0x7FCE,0x8D,0x74
0x8048,0x803F,0x84,0x98
0x7F84,0x800F,0x74,0x8C
0x8039,0x7FBA,0x83,0x9A
0x7F8C,0x8057,0x94,0x77
0x804D,0x8042,0x92,0x7E
0x8008,0x802E,0x73,0x7A
0x7FAB,0x80C1,0x8B,0x6E
0x7FFB,0x805D,0x98,0x7B
0x7F78,0x8066,0x9C,0x74
0x7FC6,0x7FB0,0x98,0x61
0x80D1,0x8002,0x75,0x84
0x7F9F,0x7F5F,0x66,0x60
0x809D,0x803E,0x8C,0x8A
0x80B6,0x7FAB,0x7C,0xA0
0x7FF4,0x8057,0x87,0x75
0x7FD2,0x8003,0x98,0x89
0x8026,0x7FAA,0x86,0x7C
0x803E,0x800D,0x69,0x8B
0x7FFC,0x8005,0x7D,0x74
0x7F36,0x7F60,0xA3,0x96
0x7FFB,0x7FA3,0x6F,0x81
0x7F97,0x7F83,0x8F,0x9C
0x7F47,0x80A7,0x7D,0x59
0x7FB4,0x7F89,0x91,0x98
0x8044,0x7FF6,0x7B,0x86
0x7FCD,0x7FE2,0x91,0x83
0x805D,0x7F78,0x78,0x96
0x7FA6,0x800D,0xA0,0x7D
0x7F4F,0x7FB2,0x9F,0x83
0x7FCD,0x7F3D,0x74,0x90
0x7FFC,0x80A5,0x85,0x78
0x7FAC,0x808C,0x83,0x8A
0x8082,0x8026,0x7E,0x81
0x8077,0x7F6D,0x6E,0x73
0x802A,0x7FDF,0x98,0x66
0x7F91,0x8034,0x69,0x82
0x805E,0x8063,0x7F,0x7A
0x804A,0x8040,0x87,0x5A
0x804D,0x7F71,0x93,0x8C
0x7FF4,0x7FE1,0x68,0x61
0x7FEA,0x7FF2,0x6C,0x91
0x809E,0x8020,0x7E,0x7E
0x80A6,0x809D,0x8A,0x83
0x7FC3,0x8091,0x8E,0x75
0x8048,0x7F70,0x81,0x81
0x8080,0x8012,0x70,0x72
0x7F78,0x7FF2,0xA0,0x57
0x7FD0,0x7FB0,0x84,0x70
0x8052,0x8020,0x62,0x6E
0x804B,0x7FBA,0x73,0x74
0x8028,0x7FB6,0x67,0x91
0x7F32,0x7EF8,0x74,0xA7
0x8020,0x7F82,0x73,0xA2
0x7F8A,0x7F17,0x66,0xAA
0x7F76,0x7FD2,0xA4,0xA1
0x8043,0x801E,0x61,0x9F
0x8003,0x7F79,0x8C,0x82
0x801C,0x803F,0x72,0x66
0x800C,0x8059,0x8F,0x82
0x7FD8,0x80F2,0x7E,0x66
0x8055,0x800E,0x59,0x90
0x8070,0x801A,0x62,0x7E
0x8035,0x800F,0x77,0x72
0x801B,0x7FFE,0x89,0x9D
0x7FFB,0x7FA3,0x90,0x5F
0x8000,0x7FE7,0x76,0x71
0x807D,0x8033,0x63,0x82
0x7F6D,0x7F94,0x91,0x89
0x8059,0x7F67,0x79,0x9F
0x8098,0x7F92,0x81,0x9E
0x7FAE,0x7FCA,0x7D,0x97
0x7FB7,0x7FEA,0x99,0x90
0x803B,0x8053,0x85,0x57
0x7F92,0x80A5,0x84,0x85
0x8021,0x7FA2,0x81,0x8E
0x7FD3,0x8019,0x51,0x79
0x7FDA,0x7F33,0x69,0x98
0x801A,0x809F,0x85,0x85
0x80AB,0x8050,0x7A,0x81
0x7FCF,0x8083,0x85,0x7F
0x803F,0x7FC9,0x90,0x6E
0x7FF9,0x7F80,0x86,0x8B
0x8021,0x7FF1,0x81,0x80
0x8009,0x805B,0x8C,0x8D
0x809E,0x7FF2,0x7E,0x77
0x7F65,0x7FEC,0x9D,0x96
0x7F9B,0x7FD6,0x54,0x7E
0x807E,0x7EF4,0x8B,0x97
0x7FDC,0x7FD7,0x6E,0x89
0x7FF8,0x805F,0x94,0x8A
0x8049,0x7F4D,0x77,0xA2
0x8021,0x802E,0x57,0x7F
0x7F4B,0x7F29,0x57,0xA3
0x8021,0x7F97,0x94,0x98
0x8000,0x7FBC,0x77,0x72
0x8028,0x8032,0x86,0x6F
0x7FF3,0x8080,0x85,0x79
0x7FD2,0x804B,0x8C,0x73
0x8031,0x7FD3,0x8F,0x6C
0x809B,0x802C,0x70,0x8C
0x807A,0x8011,0x69,0x5F
0x7FA8,0x7FC4,0x6C,0xA9
0x8047,0x7FF5,0x7E,0x7A
0x7FD6,0x7FF1,0x77,0x86
0x7F72,0x7FE9,0x7A,0x5A
0x7F60,0x7F64,0x8C,0x7D
0x7F67,0x7F80,0x6E,0x85
0x803B,0x7F8A,0x5A,0x89
0x7FFE,0x803A,0x77,0x94
0x806F,0x80B5,0x86,0x7D
0x801A,0x7FD4,0x8C,0x92
0x7FEE,0x8007,0x94,0x7C
0x8051,0x7F90,0x81,0x8C
0x7FFD,0x7F5B,0x62,0x77
0x7FAC,0x805E,0x8F,0x6F
0x803C,0x801A,0x87,0x7D
0x7FDC,0x803A,0x9D,0x9D
0x7FCC,0x7FBC,0x42,0x7C
0x7FF7,0x80BB,0x7A,0x91
0x7F76,0x7F5E,0x91,0x8F
0x80B0,0x806D,0x68,0x78
0x801A,0x7EC9,0x73,0x7D
0x800D,0x800A,0x6D,0x7E
0x804E,0x7F6C,0x75,0x9B
0x805E,0x7FC6,0x6C,0x82
0x8012,0x7F8E,0x75,0x8F
0x7FDF,0x8019,0x89,0x8B
0x7FBB,0x7FD3,0x52,0x63
0x801F,0x7FD2,0x92,0x9A
0x80BF,0x80B3,0x81,0x97
0x7F53,0x800A,0xA8,0x71
0x7FE5,0x7FF2,0x8D,0x82
0x8015,0x7FB9,0x93,0x96
0x802C,0x8011,0x8B,0x82
0x8015,0x8036,0x7C,0x8C
0x7FCC,0x8041,0x83,0x6E
0x8019,0x8038,0x69,0x7D
0x801E,0x8015,0x91,0x91
0x8019,0x8047,0x83,0x7D
0x7FD3,0x7F65,0xA6,0x9D
0x803A,0x7FBF,0x90,0x72
0x7FB7,0x7FD5,0x8A,0x84
0x7FE8,0x7FD5,0x69,0x86
0x7FF7,0x8031,0xA2,0x62
0x7FC8,0x7FCA,0x6C,0x72
0x8016,0x8015,0x7F,0x91
0x8009,0x804B,0x5F,0x81
0x8064,0x7F7E,0x7B,0xA6
0x8032,0x803B,0x9F,0x88
0x8026,0x7F7A,0x7E,0x82
0x7FA1,0x7F51,0xB0,0x8D
0x7FA0,0x802C,0x69,0x83
0x801F,0x8020,0x83,0x86
0x8073,0x7FFD,0x99,0x87
0x801A,0x80DD,0x76,0x69
0x7FF8,0x7F8E,0x6A,0x8B
0x7FCF,0x7FDB,0x80,0x7B
0x8029,0x7FCF,0x85,0x89
0x801E,0x8063,0x78,0x80
0x8003,0x8049,0x79,0x7E
0x804C,0x7F6F,0x77,0x99
0x8031,0x8019,0x79,0x80
0x7FD4,0x7FC8,0x6D,0x73
0x7F87,0x805B,0x92,0x89
0x8042,0x8014,0x4E,0x6B
0x7FF2,0x7FE4,0x99,0x89
0x7FFA,0x7FC8,0x73,0x8C
0x8082,0x7FEC,0x90,0x7B
0x7FCE,0x7FA3,0x8A,0x94
0x8008,0x809B,0x74,0x67
0x7F38,0x7FE6,0x81,0x79
0x8004,0x7FE7,0x8D,0x7D
0x806F,0x7F59,0x6E,0x87
0x8061,0x7F84,0x73,0x7F
0x8050,0x8016,0x70,0x9A
0x7FDE,0x80DD,0x81,0x90
0x7F7F,0x7F4A,0x8D,0xAE
0x7FFF,0x8032,0x92,0x91
0x8087,0x8040,0x81,0x8A
0x7FE7,0x7FFF,0x82,0x5C
0x7FEE,0x8000,0x89,0x61
0x8046,0x8069,0x70,0x93
0x7FB6,0x8010,0x7B,0x77
0x8046,0x7F33,0x6B,0x97
0x7F9A,0x7F69,0x95,0x78
0x7FDA,0x805D,0x7F,0x83
0x7FA6,0x800B,0x86,0x6B
0x8090,0x7F85,0x8D,0x93
0x7F97,0x7FF8,0x99,0x96
0x7FCD,0x803B,0x79,0x7E
0x8038,0x7FF0,0x82,0x6E
0x8040,0x7FC6,0x6C,0xA4
0x7FCF,0x8020,0x5F,0x6D
0x8039,0x7FE0,0xA8,0x80
0x7F87,0x807E,0x8C,0x80
0x8014,0x800D,0x78,0x87
0x8039,0x8006,0x88,0x5C
0x8071,0x7FE7,0x89,0x7D
0x800A,0x8044,0x75,0x7C
0x80A0,0x7FB4,0x7B,0x96
0x7FC7,0x7FE3,0x74,0x83
0x7FAB,0x801C,0x60,0x82
0x8020,0x802D,0x79,0x62
0x7F50,0x7FD1,0x98,0x64
0x7FCB,0x801E,0x86,0x97
0x7FCD,0x8018,0x9B,0x8F
0x802F,0x800A,0x86,0x7E
0x7F50,0x803B,0x7D,0x52
0x7FB0,0x7F91,0x8A,0x89
0x80AE,0x7EEF,0x8C,0x8C
0x7FC9,0x8014,0xA7,0x7A
0x80A2,0x8037,0x82,0x74
0x8020,0x7F53,0x8D,0x89
0x800D,0x7F3A,0x6D,0x88
0x7F87,0x804C,0x83,0x7D
0x8037,0x804C,0x6C,0x74
0x8074,0x7FCC,0x7F,0x78
0x8078,0x804E,0x91,0x6F
0x8006,0x8028,0x88,0x95
0x801C,0x7FC6,0x8F,0x79
0x8025,0x8027,0x88,0x8C
0x7F9D,0x8002,0x60,0x97
0x8028,0x80CD,0x9D,0x79
0x7FD5,0x7F8C,0x74,0x9C
0x7FBC,0x8037,0x7D,0x88
0x8021,0x7F9D,0x6C,0x92
0x7FC3,0x80AC,0x6F,0x73
0x803F,0x7FF0,0x8F,0x8B
0x8042,0x7F69,0x69,0xA7
0x7F3F,0x7F9E,0xA0,0x7A
0x8008,0x7FD0,0x83,0xA4
0x7FB2,0x804B,0x85,0x6B
0x8052,0x7FF1,0x86,0x74
0x7FC7,0x8086,0x88,0x7D
0x803D,0x801C,0x71,0x84
0x80D8,0x802E,0x83,0x77
0x7FCB,0x8018,0x8F,0x5F
0x8059,0x8047,0x69,0x80
0x7FDE,0x8026,0x67,0x84
0x8012,0x7FFB,0x7B,0x6A
0x800A,0x800E,0x56,0x88
0x7FA2,0x80AA,0x77,0x92
0x7FF5,0x7FA1,0x8B,0x87
0x7FF6,0x7FA6,0x7C,0x6B
0x8029,0x7FEA,0x8E,0x7C
0x7FF9,0x7EFD,0x70,0xA0
0x7FA2,0x7FFD,0x96,0x7C
0x7FED,0x7F84,0x89,0x7D
0x7FB9,0x7F60,0x8A,0xA0
0x7F68,0x7FDD,0xA2,0x82
0x7FFC,0x7FA3,0x8B,0x80
0x8073,0x802C,0x87,0x89
0x804C,0x8059,0x7E,0x84
0x8018,0x8022,0x6D,0x85
0x8037,0x7FD5,0x83,0x96
0x8032,0x7FB8,0x6D,0x6E
0x7FF5,0x804F,0x5B,0x86
0x7F78,0x7FFF,0x74,0x9C
0x7FDF,0x800E,0x7F,0x8C
0x7FCB,0x807B,0xAB,0x58
0x8012,0x7FE1,0x81,0x91
0x7FE7,0x7F92,0x8C,0x6E
0x8034,0x7F91,0x79,0x6F
0x802A,0x7FC9,0x72,0x8C
0x7F80,0x809F,0x9D,0x80
0x7FDA,0x7FEC,0x81,0x79
0x7FF2,0x803A,0x89,0x7D
0x7FE9,0x801F,0x85,0x8C
0x7FAE,0x7FC1,0x4F,0x7E
0x7F18,0x7FE7,0x95,0x88
0x804C,0x8029,0x81,0x6A
0x8040,0x8019,0x88,0x9D
0x80E0,0x8039,0x73,0x7D
0x801E,0x8083,0x78,0x65
0x806B,0x7F5B,0x54,0x72
0x8032,0x7FCF,0x75,0x76
0x8068,0x807E,0x79,0x75
0x806C,0x7F8F,0x5B,0x85
0x7FDA,0x7F8B,0x68,0x7B
0x8076,0x7FBF,0x85,0x7C
0x7FDC,0x805C,0x74,0x64
0x7FE1,0x7F69,0x7F,0x73
0x7FFD,0x806A,0x93,0x88
0x7FAB,0x7FFE,0x80,0x7F
0x804C,0x7FE3,0x89,0x89
0x7ED7,0x7FCD,0xB2,0x8A
0x8003,0x8066,0x8D,0x93
0x7FD5,0x7FAE,0xA7,0x85
0x8002,0x800B,0x7D,0x5F
0x7F89,0x8025,0x74,0x9C
0x7F8A,0x8095,0x89,0x8C
0x806F,0x7F36,0x74,0x96
0x7FD7,0x802E,0x9D,0xA5
0x7FCD,0x7FB6,0x74,0xA3
0x806E,0x7F5D,0x89,0x74
0x8095,0x8057,0x88,0x70
0x8030,0x7FB3,0x98,0x9D
0x7FCA,0x7F78,0x5A,0x94
0x805D,0x7F8E,0x93,0x90
0x8022,0x8005,0x90,0x81
0x7FF7,0x7F91,0x6B,0x85
0x7FBE,0x7FD4,0x82,0x8D
0x8046,0x7FEC,0x6D,0x80
0x8020,0x7FDB,0x7C,0x8B
0x7FFC,0x7FD9,0x7C,0xBB
0x8058,0x7F3E,0x77,0x92
0x807C,0x8011,0x6B,0x8B
0x7FC7,0x7FFF,0x7F,0x97
0x7F3D,0x8048,0xA4,0x85
0x8063,0x7E87,0x63,0xAF
0x804C,0x802E,0x7B,0x87
0x7FFC,0x7FA7,0x95,0x9C
0x8035,0x80AE,0x84,0x7F
0x7FAF,0x8001,0x9A,0x58
0x7F77,0x8059,0x6E,0x7F
0x801E,0x7FFA,0x80,0x65
0x7FD3,0x7FAD,0x64,0x64
0x7FAA,0x8026,0x7E,0x63
0x7F96,0x7FE7,0xB1,0x7D
0x7FFA,0x8040,0x65,0xA4
0x800E,0x7FC2,0x6B,0x8B
0x8014,0x8030,0x6D,0x8A
0x8043,0x7F92,0x6A,0x9C
0x8011,0x804E,0x7A,0x76
0x8072,0x808C,0x7D,0x65
0x8051,0x8012,0x6B,0x92
0x8008,0x7FA7,0x8C,0x86
0x7FED,0x8080,0x8C,0x7B
0x7FC8,0x7FBD,0x7E,0x71
0x7FF6,0x7FD3,0x96,0x7F
0x8033,0x7FB6,0x81,0x95
0x7FC9,0x8039,0x88,0x79
0x7F75,0x800B,0x60,0x76
0x8001,0x803B,0x8C,0x89
0x80E1,0x7F91,0x7A,0x86
0x7FCC,0x8057,0x70,0x71
0x80C1,0x8010,0x64,0x86
0x7FBA,0x7FB3,0x75,0xAE
0x8013,0x7F56,0x7E,0x83
0x7F73,0x7F92,0x94,0x79
0x7FA1,0x7F95,0x9B,0x8B
0x7FF4,0x8033,0x8D,0x74
0x7FE8,0x7F44,0x83,0x83
0x7FE7,0x8070,0x63,0x92
0x8029,0x7FE1,0x83,0x80
0x8010,0x7FF5,0x74,0x6F
0x803B,0x7FE7,0x63,0x95
0x8058,0x800F,0x95,0x74
0x8042,0x8051,0x6C,0x65
0x7FF7,0x7FF1,0x92,0x7A
0x7FB1,0x7F9C,0x98,0xA0
0x805B,0x7FED,0x95,0x84
0x806D,0x8050,0x60,0x93
0x7F6A,0x8002,0x6F,0x8F
0x8043,0x8020,0x86,0x88
0x7FDA,0x7FF0,0x88,0x7F
0x8008,0x7FCB,0x72,0x9C
0x7F7A,0x8051,0x4B,0x72
0x803A,0x7FB1,0x57,0x89
0x7F60,0x7FD1,0xAE,0x6B
0x8077,0x8090,0x8E,0x88
0x7F82,0x7F81,0x75,0x9D
0x7FEB,0x805E,0x58,0x96
0x7FC4,0x8026,0x91,0x69
0x7FC7,0x8007,0xA1,0x92
0x8085,0x7FB8,0x6B,0x73
0x7FF5,0x8020,0x46,0x95
0x7FBD,0x7FF6,0x9C,0x6C
0x80F2,0x7FE4,0x84,0x7E
0x8056,0x7FFB,0x8B,0x78
0x7FA6,0x7FA6,0x7E,0x66
0x7FB8,0x8080,0x8B,0x77
0x803F,0x801C,0x8E,0x6D
0x7FE1,0x7F8C,0x89,0x7C
0x800D,0x7FE0,0x51,0x61
0x7F4A,0x7FA4,0xB5,0x93
0x802E,0x800B,0x63,0x75
0x8084,0x7FDE,0x6C,0x78
0x8068,0x7FBF,0x95,0x7B
0x80E6,0x7F99,0x6C,0x84
0x7FD9,0x7FAB,0x98,0x84
0x8066,0x7FFA,0x6D,0x59
0x7FA4,0x7F8B,0x6F,0x9F
0x7F82,0x7FE5,0x69,0x6F
0x7FEB,0x805C,0x7E,0x79
0x7FB9,0x8036,0x70,0x76
0x800A,0x8019,0x71,0x88
0x7FCF,0x7F1C,0x76,0xAC
0x8066,0x809D,0x95,0x8A
0x80EB,0x8026,0x69,0x82
0x7F43,0x7F83,0x5F,0x8A
0x803E,0x7FD9,0x86,0x6F
0x7FA3,0x7FDE,0x6D,0xA1
0x8017,0x7FB0,0x89,0x8D
0x803E,0x7FF3,0x6B,0x7A
0x802E,0x7FD9,0x94,0x97
0x7F79,0x802A,0x71,0x86
0x8049,0x8050,0x96,0x76
0x8028,0x807B,0x56,0x79
0x7F90,0x7F38,0x84,0x85
0x8080,0x7FB4,0x8A,0x81
0x804A,0x800B,0x5E,0x72
0x805F,0x803C,0x64,0x68
0x8017,0x80A0,0x8A,0x68
0x7F8C,0x7F08,0x77,0xB2
0x7FB8,0x7F52,0x87,0xA4
0x7FDB,0x7F56,0x6D,0xB7
0x7FFB,0x8081,0x8A,0x7E
0x7F76,0x7FB0,0x8E,0x80
0x805C,0x7FFF,0x85,0x82
0x7FD3,0x803D,0x4F,0x8C
0x7FE5,0x7F53,0x90,0x76
0x8045,0x7F7D,0x84,0x9B
0x801B,0x7FE3,0x89,0x6E
0x8030,0x8035,0x8A,0x70
0x7FC4,0x7FC3,0x7C,0x70
0x8031,0x8066,0x65,0x83
0x805F,0x8069,0x80,0x75
0x7F80,0x7FC1,0x77,0x71
0x803C,0x7F94,0x7E,0x93
0x807B,0x7FF8,0x9D,0x76
0x802C,0x8036,0x85,0x69
0x7FDA,0x8084,0x5F,0x8B
0x7FF6,0x8083,0x60,0x6D
0x7FE1,0x7FCC,0x50,0x76
0x7FC6,0x801B,0x90,0x7C
0x7F07,0x8013,0x7E,0x90
0x7FEE,0x7F8A,0x82,0x7F
0x8016,0x7FC4,0x95,0x57
0x7F5F,0x8032,0x81,0x8A
0x7FD7,0x8003,0x78,0x98
0x7FC8,0x8013,0x90,0x72
0x8047,0x7F86,0x68,0x8D
0x8053,0x8005,0x79,0x89
0x7FA2,0x803C,0x85,0x6F
0x7FA8,0x7F90,0x83,0x78
0x7FE0,0x7FF3,0x5A,0x62
0x8057,0x8078,0xA1,0x7B
0x8018,0x7FD2,0x8A,0x8A
0x8055,0x800C,0x91,0x5D
0x803D,0x7FE9,0x71,0x92
0x800F,0x8036,0x7F,0x8D
0x805F,0x7FDA,0x73,0x6E
0x7FF1,0x7F44,0x82,0x91
0x7FD2,0x8013,0x7A,0x73
0x7FC5,0x7FCE,0x71,0x95
0x8012,0x7F9D,0x6B,0x7B
0x80E0,0x8023,0x8D,0x9B
0x7FA7,0x808F,0x6F,0x6E
0x800E,0x8012,0x72,0x76
0x8014,0x8019,0x88,0x7A
0x7ED7,0x7FEE,0xAA,0x7B
0x8093,0x7FDB,0x7D,0x70
0x7F7B,0x7F72,0x71,0xAD
0x7FFE,0x800D,0x77,0x65
0x8043,0x7FFB,0x88,0x95
0x802C,0x805D,0x68,0x86
0x7FAE,0x8080,0xA4,0x99
0x7FAF,0x7FCD,0x6E,0xA3
0x80A9,0x7F4A,0x6E,0xAA
0x801B,0x7F9D,0x62,0x5B
0x8046,0x8017,0x83,0x77
0x7FE0,0x7FD8,0xB4,0x94
0x7FDE,0x7FD6,0x5A,0x83
0x8006,0x7FE5,0x83,0x83
0x8053,0x8098,0x60,0x98
0x7FCF,0x8028,0x60,0x45
0x8064,0x7F76,0x9B,0x7D
0x7FD0,0x8014,0x88,0x7A
0x7F4D,0x805D,0x74,0x9A
0x7F4C,0x7FDC,0x6B,0x84
0x8017,0x7FE4,0x83,0xB1
0x8017,0x804B,0x71,0x84
0x8037,0x7F74,0x78,0x51
0x7FEA,0x8033,0x76,0x78
0x7FA5,0x7FA2,0x8B,0x83
0x805B,0x7FE6,0x8A,0x55
0x7F6B,0x8034,0x95,0x8D
0x801A,0x7F9D,0x67,0x82
0x8051,0x8021,0x6C,0x6C
0x808F,0x7FAD,0x9A,0x4D
0x809A,0x7FD7,0x82,0x76
0x8050,0x8021,0x8A,0x93
0x7FD2,0x7FE8,0x88,0x70
0x8041,0x7FD3,0x75,0x94
0x802F,0x7F95,0x8F,0x79
0x8020,0x7F90,0xA4,0x86
0x8049,0x7FA6,0x7F,0x6C
0x7F9B,0x7F6D,0x86,0xAB
0x7FA2,0x800B,0x8F,0x94
0x804B,0x7FCB,0x8D,0x8F
0x8007,0x7FF8,0x9A,0x8B
0x7FC2,0x7FD4,0xA8,0x95
0x7F9D,0x8066,0x6B,0x7F
0x7FE1,0x7FEB,0x94,0xAE
0x7FD6,0x809A,0x71,0x82
0x7FFC,0x7FBD,0x80,0x63
0x8018,0x7FCA,0x6F,0x97
0x7FA6,0x7FCE,0x81,0x9D
0x8066,0x7F50,0x68,0x5A
0x8043,0x7FD4,0x72,0x8B
0x804E,0x8095,0x77,0x7C
0x8052,0x7FDC,0x82,0xAB
0x8056,0x7FB3,0x83,0x95
0x7FD3,0x7F68,0x7A,0x74
0x8016,0x8006,0x76,0x59
0x803F,0x8061,0x8C,0x75
0x7FAA,0x8042,0x84,0x80
0x7F76,0x8051,0x6B,0x94
0x8033,0x804F,0x99,0x6B
0x7F76,0x7F91,0x56,0x9E
0x8088,0x7FA9,0x5D,0x68
0x801E,0x7F9E,0x8F,0x90
0x8039,0x7F6F,0x57,0x75
0x7FA1,0x7FC0,0x82,0x78
0x801E,0x7FEA,0x5B,0x71
0x7FED,0x7FC3,0x8A,0x6A
0x807C,0x7FB0,0x81,0x8A
0x7FD1,0x7FE2,0x6A,0x80
0x8066,0x8011,0x91,0x90
0x7F79,0x7FC0,0x72,0x8A
0x8040,0x8031,0x76,0x89
0x809F,0x7FCA,0x8C,0x7E
0x808F,0x7FF4,0x78,0x73
0x7FC3,0x7F25,0x85,0x5A
0x802A,0x7FA4,0x73,0x7F
0x7FC4,0x8014,0x5C,0x75
0x7FAC,0x8051,0x5D,0x6E
0x7FD8,0x7FEC,0x84,0x79
0x8091,0x8009,0x54,0x7A
0x7F8F,0x7F7C,0x88,0x79
0x8008,0x8025,0x89,0x81
0x8012,0x7FC1,0x5A,0x66
0x7F50,0x7FE5,0x5B,0x59
0x803E,0x8040,0x6D,0x97
0x7FCB,0x7FE8,0x8C,0x7F
0x8000,0x7F9A,0x91,0x69
0x8031,0x7F75,0x71,0x7A
0x7FCC,0x7FB4,0x67,0x97
0x8045,0x7F66,0xA1,0x8E
0x7F84,0x8077,0x8F,0x7F
0x7FA9,0x806C,0x75,0x57
0x7F78,0x7F83,0x75,0xA5
0x804F,0x8012,0x79,0x87
0x8062,0x807D,0x90,0x95
0x7FE1,0x8011,0x7D,0x6E
0x7FCA,0x7FDF,0x72,0x72
0x8002,0x7FCB,0x64,0x6F
0x803C,0x7FDC,0x7B,0x76
0x7FF9,0x7FA3,0x76,0x7D
0x801F,0x8006,0x6A,0x81
0x7F6D,0x7FED,0x8B,0x7D
0x8015,0x7F3E,0x9C,0xB7
0x8013,0x7FD9,0x5C,0x75
0x802A,0x8003,0xA8,0x8D
0x7FE2,0x7FCB,0x82,0x64
0x7FC4,0x7FFE,0x9C,0x4D
0x8018,0x7F4C,0x5B,0x8B
0x7F9D,0x7F9F,0x6D,0x86
0x7FEB,0x7FEE,0x85,0x83
0x8066,0x7FE7,0x8A,0x71
0x7FF2,0x7FF3,0x9F,0x6E
0x8057,0x8074,0x7F,0x78
0x801A,0x805F,0x77,0x7B
0x7FED,0x8041,0x8A,0x7D
0x8027,0x7FC9,0x59,0x66
0x7FE1,0x7F8A,0x89,0x89
0x7FDA,0x80B2,0x63,0x88
0x7F69,0x7FBA,0x94,0xA2
0x801F,0x8016,0x7A,0x7F
0x7FD8,0x8058,0x5F,0x7F
0x7F9C,0x8024,0x93,0x99
0x802E,0x7FDA,0x5F,0x6C
0x7F98,0x7F7A,0x70,0x7D
0x8032,0x7F63,0x5C,0x7E
0x7FC0,0x7F80,0x73,0xA0
0x8001,0x7FE2,0x6D,0x77
0x8068,0x7FB6,0xAF,0x90
0x805D,0x7FD5,0x9C,0xA7
0x7FB4,0x7FEA,0x66,0x67
0x7FED,0x7F8A,0x7C,0x9F
0x8060,0x7FEF,0x7A,0x99
0x8011,0x7FC3,0x85,0x82
0x8004,0x7F96,0x7F,0x8C
0x8021,0x8062,0x95,0x94
0x7FF8,0x8040,0x74,0x86
0x8060,0x8071,0x72,0x98
0x8015,0x8027,0x94,0x83
0x7FBA,0x7F9A,0x95,0x75
0x8066,0x7F7A,0x6A,0x74
0x7FA1,0x800D,0x81,0x94
0x800A,0x7F5D,0x83,0x94
0x8059,0x7F61,0x6E,0x97
0x801F,0x801F,0x7A,0x6C
0x8032,0x804A,0x7E,0x7C
0x802E,0x7FC7,0x7F,0x80
0x800B,0x7F37,0x91,0x73
0x801A,0x8068,0x76,0x8E
0x806F,0x8026,0x6A,0x99
0x7FCB,0x7FC6,0x81,0x94
0x7FC2,0x7F9A,0x8D,0x64
0x7FEB,0x803E,0x74,0xA4
0x7FE6,0x7F81,0x8D,0x99
0x7FFB,0x802B,0x82,0x70
0x7F8C,0x8095,0x64,0x84
0x8060,0x7FBA,0x70,0x66
0x7FDA,0x8072,0x8B,0x85
0x7FB6,0x7F6C,0x8B,0x86
0x80C9,0x7FD8,0x60,0x7B
0x7FE9,0x8064,0x7D,0x7A
0x7FF7,0x7FBF,0x9D,0x83
0x7F8D,0x8023,0x7E,0x88
0x8098,0x8027,0x64,0x6D
0x8027,0x7F5B,0x96,0x73
0x8004,0x7FEE,0x62,0x88
0x7FE0,0x8030,0x8B,0x82
0x8097,0x7FB6,0x50,0x8F
0x7FA2,0x7F62,0x6A,0x80
0x80EF,0x7FE7,0x47,0x88
0x7FBA,0x7FFB,0x86,0x8D
0x7FE2,0x8034,0x64,0x66
0x7F5D,0x7FA0,0x7C,0x7B
0x7FE2,0x8090,0x7C,0x6B
0x7FFA,0x7FCC,0x9D,0x97
0x7FBE,0x7FC8,0x8A,0x75
0x7FA8,0x7FBF,0x76,0x7F
0x7FDF,0x7FB4,0x76,0x89
0x802A,0x8033,0x6E,0x7A
0x8051,0x7F6C,0x8E,0x98
0x805C,0x803C,0x82,0x82
0x7F76,0x7FF7,0x85,0x7C
0x8076,0x805C,0x7E,0x91
0x7FEE,0x802F,0x73,0xA8
0x800E,0x7FC0,0x7B,0x66
0x7FFD,0x7FFD,0x86,0x8F
0x802C,0x7FCB,0x91,0x99
0x8050,0x8033,0x92,0x7A
0x7FF0,0x7FB4,0x5E,0x77
0x7F9D,0x8021,0x9E,0x77
0x8050,0x7F73,0x8C,0x79
0x7FBF,0x7FFF,0x8E,0x61
0x7FFF,0x7F80,0x6B,0x88
0x7FEC,0x806E,0x63,0x86
0x8006,0x7FE3,0x7B,0x94
0x8060,0x7FB6,0x8B,0x72
0x7FDF,0x8001,0x93,0x71
0x806A,0x7FA9,0x7D,0x5B
0x805C,0x7FD0,0x91,0x81
0x7FA6,0x8029,0x90,0x81
0x7F8A,0x800D,0x7D,0x75
0x7FDD,0x7FCE,0x93,0x78
0x80D7,0x7F92,0x89,0x6E
0x7FA6,0x7FCB,0x87,0x8E
0x801C,0x8084,0x88,0x79
0x7FF9,0x8042,0x8D,0x68
0x802F,0x7FD3,0x8E,0x7B
0x8023,0x8036,0x8F,0x93
0x7F89,0x809A,0x89,0x89
0x7FA7,0x7F94,0x7E,0x8B
0x7F9A,0x80D5,0x88,0x9D
0x8018,0x7FB8,0x5C,0x8A
0x802C,0x7FA1,0x7E,0x7F
0x7FEC,0x7FF8,0x78,0x70
0x7FB0,0x7F91,0x87,0xA0
0x7FD3,0x802C,0x8A,0x7D
0x804F,0x7F59,0x5D,0xA3
0x8061,0x7FDF,0x5D,0x74
0x7F90,0x801A,0x61,0x9F
0x7FEB,0x7F2F,0x73,0x83
0x8022,0x804E,0x80,0x8E
0x80A1,0x80A0,0x68,0x87
0x8052,0x7F12,0x6F,0x73
0x7F9E,0x8047,0x90,0x78
0x7FAE,0x800C,0x8C,0x99
0x8021,0x808A,0x99,0x5D
0x801E,0x800D,0x96,0x73
0x800C,0x7FE3,0x8B,0x66
0x8005,0x7F45,0x6C,0x78
0x7FC5,0x805D,0x76,0x68
0x8030,0x802A,0x77,0x4F
0x7F89,0x7F6E,0x7A,0x86
0x7FCD,0x8072,0x86,0x68
0x7FF1,0x7F91,0x60,0x7D
0x8095,0x7FC3,0x79,0x89
0x7FC3,0x8006,0x75,0x83
0x8077,0x8021,0x73,0x51
0x8001,0x7F6E,0x8B,0x60
0x7FC1,0x7FE9,0x82,0x99
0x805C,0x7FDC,0x88,0x7D
0x7FE0,0x8016,0x89,0x96
0x7FA9,0x7FD2,0xA2,0x98
0x8051,0x7FE3,0x6D,0x76
0x8002,0x7F8F,0x8D,0x82
0x8039,0x7FA0,0x83,0x9D
0x7FF3,0x7FA3,0x8A,0x67
0x8031,0x7FED,0x83,0x83
0x8028,0x7F71,0xAE,0x78
0x801B,0x800F,0x90,0x60
0x803F,0x7FC0,0xA6,0x7A
0x7FE9,0x8040,0x75,0x7F
0x7F9E,0x7FD3,0x62,0x53
0x7FE0,0x7F62,0x87,0x9D
0x7F6D,0x806E,0xAC,0x6A
0x802F,0x8005,0x96,0xA7
0x7FDD,0x7F69,0x86,0x5C
0x7FBD,0x8036,0x7B,0xA9
0x7FCD,0x7FAB,0x99,0x7F
0x8045,0x7FF0,0x77,0x60
0x7FC9,0x8066,0x71,0x67
0x7FF3,0x7F48,0x86,0x88
0x8005,0x7F87,0x8A,0x8E
0x7FCA,0x8058,0x90,0x8A
0x8006,0x7FDD,0x62,0x88
0x803D,0x7F69,0x60,0x82
0x8066,0x7FBE,0x95,0x8E
0x7FCD,0x803E,0x87,0x98
0x7F6F,0x7FA3,0x7E,0x7F
0x7FE9,0x8014,0x7B,0x86
0x7FB9,0x800A,0xA3,0x99
0x7FFA,0x7FA2,0x6B,0x81
0x802C,0x7FCF,0x8E,0x75
0x7FC0,0x803E,0x87,0x77
0x7F55,0x7F93,0x67,0x87
0x8032,0x7F86,0x9B,0x98
0x8060,0x7FAF,0x6D,0x9E
0x8045,0x8094,0x66,0x69
0x7FF5,0x7F82,0xA0,0xB3
0x8047,0x7FDA,0x81,0x9D
0x7FD7,0x7FE0,0x81,0xA6
0x804F,0x7F8C,0x72,0x80
0x7FE7,0x8061,0x6A,0x7E
0x7F8C,0x7F8F,0x91,0x90
0x801D,0x7FD9,0x58,0x95
0x7FC8,0x7F96,0x72,0x74
0x8025,0x7FA5,0x8C,0x53
0x8052,0x803F,0x85,0x8C
0x7FC4,0x8061,0x78,0xA3
0x8031,0x7F66,0x89,0x9C
0x7FC2,0x8030,0x86,0x94
0x801E,0x8045,0x7B,0x76
0x8022,0x7FED,0x73,0x82
0x8069,0x7FF9,0x8E,0x9A
0x7F54,0x7F9B,0x8C,0xB1
0x8034,0x7FE4,0x5E,0x6C
0x7FE3,0x7FFA,0x5F,0x86
0x809D,0x808C,0x9E,0x57
0x8068,0x8009,0x79,0x67
0x8021,0x805E,0x72,0xA6
0x800C,0x7F81,0x8F,0x66
0x8061,0x8078,0x4A,0x92
0x7FF4,0x7FC4,0x76,0x91
0x7FB0,0x8007,0xA5,0x60
0x8024,0x7FD1,0x70,0x87
0x7F59,0x7F9E,0x89,0x7A
0x802D,0x808C,0x7A,0x91
0x7FDD,0x800F,0x98,0x7B
0x7FC3,0x7F80,0x6F,0x79
0x802E,0x7FF4,0x8C,0x63
0x7F5E,0x802A,0x64,0x84
0x7F8F,0x7F97,0x63,0x93
0x801A,0x7FDA,0x6C,0x88
0x7FBA,0x7F5B,0x85,0x71
0x8070,0x7FB8,0x89,0x92
0x80A2,0x7F88,0x7C,0x86
0x7FEB,0x8007,0x8A,0x67
0x7FE0,0x8014,0x83,0x70
0x7F9B,0x7FF3,0x85,0x7F
0x8004,0x7FE4,0x72,0x94
0x802F,0x7F46,0x80,0x77
0x7EE3,0x7FBD,0x77,0x98
0x802D,0x8011,0x76,0x6C
0x8031,0x7F96,0x94,0x8F
0x8039,0x807D,0x82,0x6B
0x7FD1,0x8019,0x8F,0x88
0x7FA1,0x7F60,0x56,0x71
0x7F83,0x7FEA,0x55,0x7A
0x7F7A,0x7FA3,0x8F,0x81
0x7F6C,0x7F6A,0x9B,0x78
0x800C,0x8024,0x72,0x6E
0x8069,0x7F97,0x84,0x83
0x7FB4,0x8004,0x5B,0x70
0x80A0,0x7FF5,0x90,0x79
0x805D,0x806A,0x7A,0x66
0x806D,0x8059,0x6F,0x82
0x8067,0x8085,0x95,0xA7
0x80C4,0x8080,0x6C,0x93
0x8165,0x8123,0x81,0xB3
0x813E,0x8180,0x63,0x86
0x8420,0x836D,0x44,0x8E
0x8D3A,0x8D8A,0x66,0x96
